日期,編號,項目,狀態,負責人,備註,單位,客戶,耗時分鐘,金額
2026/7/3,L266118,A 類,合格,OP-132,,品保,力鋼,196,62.8
2026/6/5,L260435,C 類,不合格,OP-107,,資材,大宏,177,35.71
6月7日,L265920,B 類,合格,OP-147,,品保,順發,167,79.04
0704,L261134,B 類,不合格,OP-121,待確認,品保,力鋼,175,80.66
0622,L266115,其他,已結案,OP-131,,營運,順發,20,7.47
2026/7/16,L261736,A 類,合格,OP-141,,資材,順發,48,9.66
2026/6/2,L261095,其他,,OP-104,已回報,研發,力鋼,114,81.18
0725,L266455,B 類,合格,OP-123,,營運,捷欣,131,39.93
6月25日,L269574,C 類,待處理,OP-115,,研發,力鋼,233,9.91
2026/6/9,L266642,C 類,,OP-141,已回報,資材,順發,171,38.41
0724,L262640,B 類,合格,OP-134,待確認,資材,東昇,147,85.73
0712,L265767,B 類,合格,OP-142,,製造,永利,173,97.6
2026/7/14,L261099,C 類,合格,OP-102,,研發,力鋼,147,30.54
7月9日,L265296,A 類,,OP-113,,研發,力鋼,91,96.95
7月29日,L268764,C 類,已結案,OP-144,,資材,永利,217,42.43
2026/6/15,L262880,C 類,已結案,OP-141,已回報,資材,順發,184,18.82
0720,L262727,B 類,,OP-111,,營運,大宏,117,21.83
0623,L263012,其他,合格,OP-109,已回報,營運,順發,158,37.92
7月15日,L264017,A 類,,OP-124,,研發,順發,56,39.29
2026/6/29,L262253,B 類,,OP-112,已回報,品保,捷欣,239,91.83
0628,L264640,C 類,不合格,OP-108,已回報,營運,順發,213,58.33
6月24日,L260264,C 類,待處理,OP-148,,研發,大宏,220,49.49
0602,L260551,C 類,已結案,OP-148,,品保,大宏,9,40.13
6月22日,L267856,C 類,不合格,OP-139,,品保,捷欣,216,68.68
0711,L261381,A 類,已結案,OP-104,,製造,順發,176,88.75
2026/7/25,L260830,其他,待處理,OP-141,待確認,研發,東昇,47,83.51
2026/6/2,L269084,C 類,待處理,OP-112,,製造,永利,77,74.29
0609,L266398,B 類,待處理,OP-122,,營運,捷欣,171,57.12
6月16日,L268996,A 類,不合格,OP-133,,資材,捷欣,185,69.02
2026/6/2,L262751,C 類,已結案,OP-147,,研發,大宏,237,92.04
2026/7/5,L262165,C 類,,OP-106,,品保,東昇,24,62.55
7月1日,L263418,其他,已結案,OP-118,,品保,捷欣,15,88.74
7月18日,L264316,B 類,待處理,OP-102,,營運,捷欣,70,75.24
2026/7/16,L264916,其他,不合格,OP-129,待確認,製造,力鋼,57,78.28
0601,L263462,C 類,不合格,OP-110,已回報,品保,捷欣,184,18.19
7月1日,L266762,其他,不合格,OP-127,已回報,品保,東昇,24,4.75
0601,L269290,A 類,不合格,OP-124,待確認,品保,永利,83,89.84
2026/7/12,L268068,A 類,,OP-114,待確認,營運,力鋼,65,49.07
0601,L268371,B 類,,OP-133,,資材,力鋼,236,47.14
0601,L263448,A 類,,OP-105,,研發,大宏,59,51.02
6月21日,L266736,其他,已結案,OP-148,待確認,資材,東昇,57,1.8
2026/7/25,L263434,其他,不合格,OP-108,,製造,捷欣,164,14.2
6月11日,L261668,A 類,已結案,OP-123,,研發,東昇,126,3.81
0710,L269072,其他,,OP-113,,營運,順發,173,62.65
2026/7/30,L261626,C 類,,OP-108,已回報,資材,永利,114,28.21
2026/6/19,L264979,其他,合格,OP-114,,資材,捷欣,195,77.29
6月22日,L265852,B 類,已結案,OP-145,,資材,順發,109,19.97
7月5日,L265384,其他,待處理,OP-128,待確認,品保,東昇,49,64.4
0627,L261533,A 類,待處理,OP-109,,營運,大宏,232,87.13
2026/6/25,L266335,B 類,,OP-126,,營運,力鋼,165,88.4
2026/7/21,L263214,其他,待處理,OP-132,,製造,順發,171,85.15
0611,L262679,A 類,不合格,OP-129,,營運,永利,201,63.92
2026/7/9,L264050,A 類,不合格,OP-114,已回報,營運,順發,106,93.97
0724,L260826,C 類,不合格,OP-143,,製造,東昇,152,13.23
6月6日,L261241,B 類,合格,OP-142,,研發,大宏,134,24.49
0718,L264176,A 類,,OP-107,已回報,資材,捷欣,144,75.04
0701,L261317,其他,不合格,OP-113,待確認,資材,捷欣,218,66.18
0730,L263795,其他,合格,OP-130,,資材,永利,53,15.02
0714,L264361,B 類,,OP-128,待確認,營運,順發,12,56.4
0618,L261689,C 類,合格,OP-120,,研發,捷欣,44,73.36
2026/7/2,L267697,B 類,不合格,OP-144,,資材,捷欣,189,52.89
2026/7/19,L260359,A 類,合格,OP-143,待確認,研發,東昇,40,86.81
6月14日,L261061,其他,不合格,OP-128,待確認,營運,順發,205,35.0
7月30日,L265676,B 類,待處理,OP-104,,製造,捷欣,188,28.72
7月6日,L260329,A 類,待處理,OP-123,,營運,永利,8,62.53
6月25日,L265276,其他,不合格,OP-138,待確認,營運,大宏,30,35.95
2026/7/19,L268675,C 類,,OP-118,,品保,大宏,218,93.26
0710,L269476,C 類,,OP-114,,研發,力鋼,219,82.12
0605,L267854,其他,待處理,OP-101,,營運,順發,78,68.35
6月12日,L262739,其他,,OP-124,待確認,營運,捷欣,110,31.05
6月1日,L266473,B 類,不合格,OP-138,已回報,營運,力鋼,194,64.61
0711,L261177,C 類,已結案,OP-125,,研發,永利,90,95.51
2026/7/6,L265469,B 類,已結案,OP-126,,營運,順發,114,76.88
7月16日,L266841,B 類,,OP-145,,製造,東昇,17,63.42
2026/6/2,L266542,其他,合格,OP-121,,研發,順發,202,86.34
6月16日,L268049,C 類,不合格,OP-123,,品保,順發,227,41.35
0608,L262944,B 類,合格,OP-106,,品保,捷欣,222,63.79
2026/7/24,L260781,B 類,不合格,OP-136,已回報,製造,捷欣,39,76.6
0706,L261811,C 類,不合格,OP-129,已回報,資材,力鋼,80,36.48
0617,L264153,B 類,不合格,OP-139,,資材,大宏,77,25.62
7月5日,L262146,C 類,不合格,OP-108,已回報,研發,大宏,58,9.73
6月9日,L266396,B 類,已結案,OP-148,,營運,捷欣,71,57.97
2026/7/16,L267415,其他,,OP-103,,營運,東昇,82,30.96
0716,L261411,A 類,,OP-130,已回報,營運,東昇,200,4.41
7月28日,L263159,其他,已結案,OP-130,待確認,製造,永利,151,18.97
2026/7/23,L268637,C 類,已結案,OP-120,,研發,順發,205,33.33
2026/7/6,L268612,B 類,,OP-134,,品保,永利,162,11.22
2026/7/15,L261250,B 類,已結案,OP-101,,製造,捷欣,152,15.12
6月12日,L260348,B 類,已結案,OP-108,,資材,捷欣,197,36.48
0622,L261149,A 類,,OP-107,待確認,資材,大宏,232,24.08
0625,L265319,B 類,不合格,OP-109,已回報,製造,東昇,20,36.54
6月15日,L265174,C 類,不合格,OP-138,,營運,大宏,156,12.83
0727,L268059,B 類,合格,OP-144,待確認,資材,順發,207,56.84
7月20日,L265990,B 類,不合格,OP-113,,製造,順發,118,35.61
2026/7/6,L262055,B 類,合格,OP-147,,製造,大宏,30,31.99
0701,L268237,B 類,已結案,OP-139,,品保,力鋼,228,69.22
0722,L260017,其他,合格,OP-110,待確認,營運,捷欣,114,11.61
7月16日,L268941,其他,合格,OP-141,待確認,品保,順發,194,52.54
2026/7/12,L264864,A 類,合格,OP-145,已回報,營運,永利,114,60.2
2026/7/4,L263189,A 類,,OP-115,,研發,力鋼,215,60.32
2026/7/21,L269176,C 類,合格,OP-108,,品保,大宏,111,20.51
2026/7/27,L269298,B 類,不合格,OP-105,已回報,製造,東昇,92,43.34
0615,L261417,B 類,待處理,OP-103,待確認,製造,東昇,238,21.55
0705,L263132,B 類,,OP-144,待確認,製造,力鋼,185,92.44
2026/6/24,L263773,A 類,已結案,OP-110,,營運,永利,114,65.17
0629,L264613,B 類,不合格,OP-118,待確認,資材,力鋼,231,2.38
0727,L264576,A 類,合格,OP-112,,品保,永利,76,19.65
7月8日,L268737,C 類,已結案,OP-119,,研發,順發,98,18.28
0717,L263065,A 類,不合格,OP-148,已回報,營運,順發,154,32.32
6月14日,L269823,C 類,合格,OP-105,,研發,東昇,109,28.41
7月10日,L263252,B 類,待處理,OP-118,,品保,順發,16,11.84
6月14日,L260744,B 類,不合格,OP-125,待確認,研發,東昇,9,60.48
7月26日,L263044,B 類,合格,OP-148,待確認,資材,捷欣,89,36.24
0704,L260496,A 類,,OP-129,待確認,營運,永利,63,80.68
2026/7/15,L268210,A 類,待處理,OP-128,已回報,品保,力鋼,43,7.43
0705,L269954,A 類,合格,OP-114,,研發,捷欣,103,49.27
0620,L265398,A 類,,OP-121,,製造,捷欣,227,14.55
6月28日,L269367,其他,已結案,OP-110,待確認,研發,永利,16,16.04
6月19日,L266298,B 類,,OP-130,,資材,永利,42,23.1
7月11日,L269883,A 類,不合格,OP-121,,營運,捷欣,83,80.72
7月15日,L260218,B 類,不合格,OP-117,,品保,力鋼,190,35.12
6月3日,L261464,A 類,合格,OP-133,,營運,永利,138,84.71
2026/6/16,L260010,A 類,待處理,OP-109,,營運,捷欣,22,27.92
0618,L267748,B 類,已結案,OP-128,已回報,資材,順發,221,39.96
2026/7/20,L264369,A 類,,OP-104,待確認,研發,順發,208,53.95
0628,L267963,A 類,合格,OP-112,,品保,大宏,81,28.85
6月26日,L260487,B 類,不合格,OP-135,,營運,力鋼,166,40.75
7月28日,L269826,其他,已結案,OP-120,已回報,品保,力鋼,132,47.83
7月7日,L260874,A 類,不合格,OP-104,已回報,研發,捷欣,58,41.98
2026/6/22,L263677,B 類,已結案,OP-103,已回報,製造,東昇,117,34.64
0608,L268633,C 類,不合格,OP-134,,資材,捷欣,186,48.6
0718,L268276,B 類,合格,OP-136,已回報,營運,永利,14,14.15
0601,L268098,B 類,,OP-123,已回報,品保,順發,80,50.63
2026/6/14,L262239,B 類,合格,OP-142,,營運,力鋼,68,92.72
0721,L269441,A 類,不合格,OP-128,,營運,順發,60,32.78
7月16日,L265759,B 類,合格,OP-120,待確認,品保,力鋼,221,47.65
2026/7/13,L266443,B 類,已結案,OP-132,,營運,力鋼,20300.0,25.04
0627,L268543,B 類,待處理,OP-116,,研發,大宏,190,63.71
0627,L262439,A 類,已結案,OP-131,,研發,東昇,28,38.48
2026/7/6,L262252,A 類,不合格,OP-140,待確認,研發,捷欣,18,71.95
0611,L267989,其他,合格,OP-146,已回報,製造,力鋼,60,87.99
2026/7/19,L264370,C 類,,OP-148,待確認,資材,大宏,138,64.7
0710,L260110,C 類,已結案,OP-106,待確認,營運,大宏,140,78.14
2026/7/23,L269960,其他,,OP-121,已回報,製造,大宏,170,88.02
2026/6/10,L261612,C 類,,OP-123,,製造,力鋼,191,36.42
2026/6/12,L262659,A 類,不合格,OP-135,,資材,永利,136,21.22
0623,L266352,其他,待處理,OP-110,,營運,捷欣,131,22.67
7月30日,L269578,A 類,待處理,OP-113,已回報,資材,順發,172,76.24
0710,L264653,其他,合格,OP-145,已回報,品保,捷欣,97,45.79
2026/6/27,L261362,B 類,已結案,OP-110,,營運,東昇,110,52.03
0601,L261462,B 類,合格,OP-121,,資材,力鋼,220,54.51
0621,L268110,A 類,,OP-127,,製造,順發,46,92.17
0702,L269552,其他,,OP-114,,營運,力鋼,95,26.47
2026/6/5,L267322,C 類,,OP-122,待確認,資材,順發,74,83.44
2026/7/28,L266695,B 類,合格,OP-129,已回報,營運,永利,64,73.85
6月9日,L263381,B 類,已結案,OP-131,,製造,順發,37,36.08
7月2日,L264593,C 類,待處理,OP-115,已回報,品保,東昇,210,21.65
7月25日,L269791,B 類,不合格,OP-134,,資材,大宏,240,88.63
0723,L268268,A 類,已結案,OP-133,,資材,順發,16,2.61
6月29日,L265747,B 類,,OP-104,已回報,營運,順發,210,88.02
0622,L269345,B 類,已結案,OP-124,,資材,捷欣,40,69.01
6月23日,L260961,A 類,不合格,OP-110,,營運,順發,178,43.57
7月17日,L263585,其他,已結案,OP-138,,資材,力鋼,232,97.79
6月2日,L264587,C 類,不合格,OP-145,待確認,營運,力鋼,234,9.09
2026/6/19,L262059,C 類,,OP-108,,製造,大宏,143,40.48
7月30日,L261328,其他,合格,OP-103,,資材,力鋼,42,50.59
2026/7/13,L262542,B 類,合格,OP-114,已回報,營運,捷欣,216,86.14
7月7日,L267376,B 類,已結案,OP-144,待確認,資材,大宏,30,88.71
0604,L266010,其他,合格,OP-133,,研發,大宏,117,62.02
2026/6/2,L263459,其他,不合格,OP-119,待確認,營運,永利,134,75.11
0722,L267466,A 類,,OP-146,待確認,品保,大宏,94,54.64
2026/6/6,L260775,C 類,不合格,OP-102,待確認,營運,捷欣,65,77.56
6月24日,L264925,B 類,待處理,OP-143,,品保,順發,211,96.51
2026/6/20,L269958,其他,不合格,OP-135,,營運,東昇,66,68.96
2026/7/18,L269323,B 類,待處理,OP-138,已回報,品保,捷欣,79,97.11
0629,L265318,B 類,待處理,OP-143,待確認,營運,捷欣,65,82.06
0606,L267391,C 類,,OP-135,,品保,永利,41,69.73
2026/7/21,L263257,B 類,已結案,OP-134,待確認,製造,力鋼,15300.0,9.14
0629,L262169,A 類,,OP-145,,營運,永利,170,92.9
7月6日,L265999,其他,已結案,OP-130,,研發,大宏,173,6.33
6月21日,L264767,其他,合格,OP-128,已回報,製造,永利,194,74.55
6月28日,L269346,C 類,,OP-104,已回報,營運,順發,60,61.55
2026/6/14,L268339,B 類,待處理,OP-111,,營運,永利,188,46.36
2026/7/24,L266234,A 類,,OP-146,,研發,大宏,182,56.12
0629,L261366,B 類,不合格,OP-136,,製造,捷欣,21,54.12
2026/6/21,L269641,其他,待處理,OP-134,,資材,大宏,18,43.61
2026/7/16,L269846,A 類,,OP-130,,品保,捷欣,56,36.72
0621,L260966,其他,,OP-115,,資材,捷欣,171,75.75
6月12日,L260118,A 類,不合格,OP-135,,製造,東昇,110,29.13
2026/6/2,L269381,A 類,待處理,OP-105,已回報,資材,順發,178,33.97
2026/6/30,L264248,A 類,合格,OP-128,,營運,大宏,45,85.6
6月10日,L263792,其他,不合格,OP-117,已回報,製造,永利,74,24.0
2026/6/3,L261150,C 類,待處理,OP-146,,營運,順發,135,53.77
0702,L263941,C 類,已結案,OP-102,待確認,營運,東昇,53,88.25
0609,L263329,B 類,待處理,OP-133,,資材,順發,147,36.66
2026/6/6,L262156,其他,不合格,OP-147,已回報,品保,捷欣,30,77.45
2026/7/1,L268246,B 類,,OP-111,,資材,東昇,219,57.38
0615,L269548,其他,合格,OP-112,,製造,捷欣,202,22.73
7月4日,L264417,其他,不合格,OP-102,,營運,力鋼,186,87.9
7月18日,L263169,C 類,待處理,OP-107,已回報,品保,捷欣,46,92.07
2026/6/9,L267455,C 類,不合格,OP-117,,製造,東昇,233,41.52
0622,L267253,B 類,合格,OP-112,已回報,資材,永利,202,27.52
6月29日,L268332,C 類,待處理,OP-106,,品保,順發,208,61.94
6月15日,L262881,其他,已結案,OP-137,已回報,資材,永利,11,89.43
2026/7/29,L266925,B 類,,OP-146,,研發,順發,18600.0,86.52
2026/7/13,L266830,其他,,OP-134,,研發,東昇,38,89.26
2026/7/28,L265054,B 類,合格,OP-129,待確認,資材,順發,207,60.76
2026/7/5,L267264,其他,不合格,OP-125,,資材,大宏,93,93.19
2026/7/19,L265060,B 類,待處理,OP-115,,營運,永利,61,80.06
7月17日,L261075,A 類,合格,OP-125,,營運,永利,210,70.78
6月16日,L269173,C 類,待處理,OP-138,,製造,東昇,39,18.34
7月16日,L261971,A 類,已結案,OP-129,,資材,東昇,208,49.16
2026/7/28,L262535,A 類,,OP-135,待確認,營運,捷欣,6,23.21
2026/6/11,L264842,C 類,合格,OP-139,待確認,研發,大宏,219,44.05
2026/6/3,L262016,C 類,,OP-113,,研發,力鋼,206,53.38
2026/6/19,L269124,其他,,OP-112,已回報,營運,永利,81,19.4
0616,L267035,其他,已結案,OP-109,,營運,永利,164,75.64
2026/7/2,L263038,B 類,待處理,OP-132,已回報,資材,大宏,238,22.34
2026/7/20,L266547,A 類,,OP-125,待確認,研發,捷欣,206,21.07
2026/7/22,L261465,C 類,待處理,OP-114,,品保,順發,228,12.88
7月22日,L269445,A 類,,OP-123,,品保,永利,227,48.89
0608,L262059,其他,,OP-107,,資材,力鋼,73,53.71
2026/7/22,L263448,其他,,OP-101,,資材,東昇,150,69.49
2026/6/17,L265136,B 類,不合格,OP-143,,營運,東昇,69,58.78
2026/6/20,L264619,B 類,已結案,OP-117,,資材,永利,229,92.72
7月19日,L268384,B 類,合格,OP-123,待確認,研發,順發,161,45.36
6月25日,L269740,B 類,已結案,OP-145,,品保,大宏,161,22.31
0716,L269233,C 類,,OP-107,待確認,品保,永利,17,42.61
0726,L267688,A 類,,OP-111,,品保,捷欣,197,97.6
2026/6/29,L261210,A 類,合格,OP-109,,資材,東昇,237,0.78
0623,L265646,C 類,待處理,OP-117,已回報,營運,永利,49,56.37
2026/6/6,L264013,C 類,,OP-137,待確認,營運,永利,228,85.66
7月26日,L263134,A 類,待處理,OP-111,,品保,力鋼,75,93.75
2026/6/3,L269134,其他,不合格,OP-145,待確認,研發,大宏,164,57.87
0704,L267268,其他,不合格,OP-103,已回報,品保,大宏,136,12.19
0712,L263899,其他,合格,OP-133,,資材,捷欣,5,44.26
6月13日,L267693,A 類,待處理,OP-137,,製造,力鋼,104,52.69
2026/7/11,L262224,B 類,,OP-121,,資材,力鋼,168,73.03
2026/6/10,L269853,其他,,OP-119,待確認,製造,力鋼,76,17.48
0627,L262310,A 類,待處理,OP-127,,營運,永利,231,8.63
6月28日,L265562,B 類,合格,OP-132,,營運,永利,141,78.06
7月25日,L264191,其他,合格,OP-106,已回報,品保,大宏,6,72.69
2026/6/30,L262623,A 類,已結案,OP-108,,資材,東昇,121,37.27
6月12日,L264741,A 類,不合格,OP-116,,製造,東昇,150,37.54
6月22日,L266477,A 類,待處理,OP-105,,研發,順發,191,90.77
0713,L263935,B 類,合格,OP-106,,研發,捷欣,196,4.69
0730,L261368,B 類,,OP-147,,資材,大宏,140,7.97
7月14日,L269848,B 類,不合格,OP-124,,品保,永利,135,41.56
2026/7/29,L268984,C 類,待處理,OP-129,,營運,永利,66,17.46
0727,L267342,C 類,已結案,OP-134,待確認,製造,大宏,171,20.55
2026/7/7,L263836,其他,已結案,OP-108,,營運,捷欣,149,10.66
6月2日,L267233,A 類,已結案,OP-122,待確認,營運,捷欣,80,80.72
0716,L265989,C 類,合格,OP-139,,製造,永利,165,80.99
2026/6/28,L267457,A 類,待處理,OP-106,,研發,力鋼,55,54.69
7月13日,L269662,C 類,待處理,OP-144,,研發,順發,162,46.1
2026/6/13,L263925,B 類,合格,OP-121,,製造,力鋼,196,2.56
2026/6/26,L264558,B 類,合格,OP-119,,資材,捷欣,155,93.46
2026/6/6,L264278,A 類,合格,OP-140,,品保,捷欣,109,61.13
0603,L265449,B 類,合格,OP-123,,研發,順發,7,74.81
6月18日,L261813,A 類,合格,OP-109,,研發,捷欣,213,59.33
0714,L262262,其他,已結案,OP-148,,品保,順發,134,76.62
0720,L263447,B 類,待處理,OP-122,已回報,研發,東昇,4,61.46
2026/7/9,L267560,A 類,待處理,OP-103,,製造,東昇,163,24.17
7月1日,L269459,C 類,,OP-131,待確認,營運,大宏,73,74.4
6月20日,L261272,其他,,OP-129,,品保,東昇,115,38.73
7月30日,L262921,B 類,已結案,OP-128,已回報,研發,順發,79,31.9
7月30日,L268938,B 類,,OP-108,,品保,永利,129,73.54
0706,L263450,B 類,,OP-112,,營運,大宏,88,93.61
7月16日,L268094,B 類,不合格,OP-135,,營運,力鋼,14,43.55
7月24日,L261499,A 類,,OP-117,,資材,捷欣,119,72.55
2026/6/8,L266698,A 類,待處理,OP-116,已回報,品保,永利,232,38.54
7月6日,L267965,A 類,合格,OP-135,待確認,研發,永利,130,52.53
0711,L266129,C 類,,OP-120,已回報,品保,順發,118,34.94
2026/6/23,L263069,B 類,,OP-111,,製造,大宏,171,17.05
7月21日,L261543,B 類,合格,OP-125,,營運,永利,232,34.12
0607,L260028,A 類,合格,OP-119,,資材,力鋼,227,66.6
7月22日,L267539,A 類,,OP-123,待確認,營運,力鋼,60,45.0
2026/6/20,L269662,其他,合格,OP-134,,資材,順發,120,62.75
7月25日,L261999,B 類,不合格,OP-118,,品保,永利,10,28.92
6月2日,L268762,B 類,已結案,OP-120,,製造,東昇,209,49.85
7月17日,L267529,A 類,合格,OP-122,待確認,資材,東昇,217,89.83
0710,L264449,C 類,已結案,OP-118,,營運,捷欣,71,14.28
2026/6/20,L268580,A 類,待處理,OP-141,,品保,力鋼,175,76.25
2026/7/1,L263146,A 類,,OP-128,,研發,永利,5,57.45
6月4日,L261186,其他,,OP-141,已回報,製造,順發,90,67.87
2026/6/19,L267142,C 類,已結案,OP-121,已回報,營運,大宏,169,22.26
7月28日,L268018,B 類,,OP-111,待確認,營運,順發,176,22.36
0601,L265829,其他,待處理,OP-147,,研發,東昇,230,88.56
0616,L266629,其他,,OP-132,已回報,品保,順發,224,97.57
2026/6/16,L269036,A 類,待處理,OP-118,已回報,製造,順發,116,64.48
0713,L266928,C 類,不合格,OP-132,已回報,品保,永利,19,39.86
7月9日,L267796,C 類,,OP-137,,營運,順發,124,4.51
6月12日,L261416,B 類,待處理,OP-123,,研發,永利,82,60.28
2026/7/24,L264327,C 類,待處理,OP-128,,資材,順發,164,81.68
2026/6/7,L264087,其他,已結案,OP-113,,營運,力鋼,78,87.79
2026/6/7,L264239,B 類,待處理,OP-127,,營運,東昇,63,50.59
0715,L261613,B 類,,OP-104,已回報,品保,捷欣,106,53.85
0625,L264566,其他,,OP-105,,資材,東昇,72,80.3
0718,L269956,C 類,已結案,OP-124,已回報,品保,永利,188,92.4
7月12日,L267741,其他,,OP-142,已回報,製造,東昇,194,68.52
7月27日,L261964,C 類,,OP-127,,製造,力鋼,172,48.9
0621,L269691,C 類,合格,OP-107,,資材,捷欣,12,19.02
0719,L267114,其他,合格,OP-125,已回報,資材,大宏,83,92.83
7月25日,L267860,C 類,已結案,OP-106,待確認,營運,東昇,237,16.64
6月11日,L260416,C 類,不合格,OP-123,,品保,永利,116,88.25
0709,L262490,A 類,不合格,OP-108,,品保,順發,146,11.42
2026/7/20,L267369,C 類,不合格,OP-140,,製造,捷欣,206,54.57
0724,L268876,A 類,,OP-143,已回報,品保,力鋼,131,92.19
0708,L262643,C 類,,OP-105,,研發,永利,47,47.04
6月10日,L265447,B 類,不合格,OP-144,待確認,資材,力鋼,96,20.13
6月17日,L269175,C 類,待處理,OP-106,,製造,永利,136,47.79
0705,L269298,C 類,,OP-130,已回報,製造,力鋼,162,7.32
6月10日,L269092,其他,待處理,OP-135,待確認,製造,大宏,146,46.8
6月24日,L269926,A 類,已結案,OP-120,,研發,順發,165,73.96
0604,L263276,B 類,合格,OP-133,待確認,營運,永利,160,82.81
2026/7/30,L268952,B 類,合格,OP-145,,研發,力鋼,214,3.85
6月19日,L261846,A 類,,OP-107,,品保,力鋼,29,17.19
6月3日,L261134,B 類,待處理,OP-134,,研發,力鋼,96,44.07
7月17日,L268966,其他,已結案,OP-144,,品保,順發,73,12.22
2026/7/23,L261235,A 類,已結案,OP-112,已回報,研發,大宏,235,5.26
0711,L268790,A 類,已結案,OP-114,待確認,製造,順發,149,29.45
7月28日,L261029,A 類,不合格,OP-104,,品保,捷欣,185,8.61
0623,L264041,其他,不合格,OP-123,,資材,永利,86,28.97
2026/6/1,L266145,B 類,,OP-102,已回報,資材,力鋼,178,5.1
6月29日,L265530,A 類,合格,OP-125,待確認,研發,力鋼,231,23.48
0713,L261722,其他,,OP-125,,資材,大宏,66,75.78
6月29日,L260890,A 類,,OP-122,,製造,大宏,16700.0,20.85
2026/7/19,L260736,其他,,OP-142,已回報,製造,力鋼,21,78.34
2026/6/25,L263488,A 類,待處理,OP-110,已回報,研發,力鋼,169,90.8
6月2日,L261212,B 類,不合格,OP-144,已回報,研發,永利,239,34.34
2026/7/16,L269371,其他,,OP-143,,品保,捷欣,185,8.9
2026/7/7,L265548,其他,合格,OP-148,,品保,順發,201,47.35
0619,L262097,C 類,合格,OP-129,,研發,捷欣,67,63.98
2026/7/22,L268349,其他,不合格,OP-119,,資材,永利,205,7.63
0615,L263959,B 類,合格,OP-107,,資材,捷欣,178,84.1
2026/6/12,L265227,A 類,待處理,OP-114,待確認,研發,力鋼,42,65.47
0613,L262851,B 類,合格,OP-122,,製造,力鋼,112,19.88
2026/6/25,L260883,C 類,不合格,OP-117,,製造,永利,190,34.49
6月29日,L269767,其他,,OP-131,待確認,資材,力鋼,137,1.49
2026/7/10,L264966,A 類,不合格,OP-117,,資材,大宏,9,2.25
7月25日,L265160,B 類,,OP-121,已回報,營運,大宏,46,68.36
0723,L266385,A 類,合格,OP-129,,品保,大宏,79,64.8
2026/7/25,L269322,C 類,不合格,OP-115,,研發,順發,177,12.21
2026/6/22,L267475,C 類,不合格,OP-113,,資材,東昇,194,44.23
0727,L265652,其他,待處理,OP-123,待確認,研發,力鋼,175,52.29
6月28日,L266561,B 類,,OP-121,已回報,資材,力鋼,13,79.87
0602,L266527,B 類,,OP-136,,資材,大宏,200,19.17
2026/7/11,L261023,其他,合格,OP-124,,品保,永利,6,80.55
7月7日,L269495,其他,,OP-103,,製造,力鋼,187,84.75
6月19日,L265429,C 類,,OP-146,,研發,捷欣,122,61.0
0715,L261798,C 類,合格,OP-108,待確認,營運,大宏,83,37.59
2026/6/15,L263655,B 類,已結案,OP-142,待確認,資材,大宏,190,44.11
0724,L262861,A 類,不合格,OP-104,已回報,營運,東昇,149,82.6
2026/7/1,L265419,其他,不合格,OP-104,,資材,捷欣,129,62.99
0724,L260560,B 類,待處理,OP-143,,製造,永利,133,67.73
2026/6/17,L261332,C 類,不合格,OP-143,,研發,順發,86,84.57
7月17日,L269629,B 類,已結案,OP-132,待確認,品保,永利,180,55.08
7月28日,L263527,A 類,不合格,OP-101,待確認,營運,順發,19,15.34
6月10日,L267758,A 類,,OP-114,,營運,捷欣,229,95.94
0728,L268074,C 類,,OP-107,,營運,永利,147,39.87
6月3日,L262580,B 類,待處理,OP-125,,製造,順發,91,30.86
6月17日,L260640,A 類,不合格,OP-129,待確認,營運,力鋼,145,1.61
0709,L268328,B 類,合格,OP-128,,營運,大宏,217,90.8
7月1日,L268262,其他,合格,OP-122,,製造,永利,107,21.26
2026/6/29,L268588,C 類,,OP-126,待確認,資材,力鋼,228,71.42
0724,L264622,A 類,合格,OP-114,已回報,資材,捷欣,159,13.85
0701,L268678,C 類,,OP-145,,品保,力鋼,28,11.39
2026/7/18,L260349,其他,待處理,OP-141,已回報,品保,永利,15,94.6
0710,L266468,C 類,已結案,OP-138,,研發,永利,100,41.35
2026/6/13,L269518,A 類,待處理,OP-144,,資材,捷欣,155,25.84
0709,L269384,C 類,已結案,OP-134,已回報,品保,永利,94,41.95
2026/7/13,L266225,B 類,待處理,OP-121,,資材,東昇,43,7.83
7月16日,L266461,B 類,,OP-125,已回報,資材,順發,75,31.68
0620,L260966,其他,,OP-137,待確認,品保,大宏,25,3.52
2026/7/19,L269893,其他,不合格,OP-116,待確認,資材,力鋼,57,29.81
0718,L269854,其他,待處理,OP-122,,品保,力鋼,157,45.86
2026/7/5,L266074,C 類,不合格,OP-103,,研發,順發,56,63.66
2026/6/21,L263139,B 類,合格,OP-105,,資材,永利,214,86.24
6月7日,L264464,A 類,已結案,OP-140,,資材,永利,119,52.68
2026/6/13,L265699,其他,,OP-148,,製造,永利,53,97.49
7月29日,L263462,A 類,待處理,OP-136,,營運,順發,36,71.16
2026/7/30,L267348,其他,,OP-137,待確認,研發,永利,198,19.0
7月8日,L262634,A 類,,OP-123,,製造,永利,142,22.89
0713,L260665,其他,,OP-137,待確認,製造,順發,161,93.47
0622,L268593,A 類,,OP-108,,資材,大宏,172,24.73
7月9日,L260279,C 類,合格,OP-120,已回報,製造,力鋼,182,40.06
6月19日,L262422,A 類,,OP-101,,製造,永利,3,13.05
7月27日,L267131,B 類,,OP-131,待確認,研發,順發,239,69.65
2026/6/28,L260218,A 類,待處理,OP-138,,資材,捷欣,94,28.87
6月18日,L269884,A 類,已結案,OP-148,,製造,捷欣,122,53.74
2026/6/1,L261231,A 類,,OP-106,,研發,順發,193,45.03
7月2日,L265453,B 類,合格,OP-135,待確認,製造,永利,173,84.49
6月30日,L262953,B 類,不合格,OP-133,,資材,東昇,138,96.16
0720,L262619,B 類,合格,OP-114,,營運,永利,221,13.98
6月1日,L267457,B 類,待處理,OP-110,,製造,大宏,143,82.99
2026/6/6,L267050,其他,,OP-145,,資材,東昇,93,39.03
7月16日,L260056,B 類,已結案,OP-118,,製造,順發,187,67.72
0604,L269171,A 類,不合格,OP-127,,資材,大宏,77,93.21
7月9日,L265178,其他,,OP-126,,研發,東昇,155,70.47
0710,L267725,其他,合格,OP-121,已回報,營運,力鋼,94,0.98
6月3日,L263621,A 類,合格,OP-106,,研發,東昇,50,1.77
6月13日,L265052,C 類,待處理,OP-113,,品保,永利,1100.0,38.2
0717,L262624,B 類,已結案,OP-144,待確認,研發,順發,221,37.08
0603,L268298,其他,已結案,OP-142,,製造,力鋼,171,71.38
0618,L268026,B 類,合格,OP-120,,研發,大宏,161,32.28
0716,L269026,A 類,待處理,OP-134,已回報,研發,東昇,125,91.1
7月1日,L265938,A 類,合格,OP-112,,營運,大宏,22,68.11
6月29日,L266281,C 類,,OP-117,已回報,營運,力鋼,71,52.67
0607,L269771,C 類,合格,OP-118,待確認,品保,東昇,97,14.41
0603,L260082,A 類,合格,OP-114,,品保,東昇,87,62.59
2026/6/24,L260773,B 類,已結案,OP-135,,品保,力鋼,45,94.64
2026/7/5,L265752,C 類,合格,OP-123,,研發,大宏,28,89.29
0615,L263618,C 類,合格,OP-117,,製造,東昇,104,5.32
2026/7/23,L267370,A 類,已結案,OP-108,已回報,資材,捷欣,209,70.79
2026/7/20,L262289,A 類,待處理,OP-141,,研發,順發,107,5.37
0723,L266411,C 類,合格,OP-131,已回報,製造,順發,159,16.99
2026/6/7,L262311,其他,已結案,OP-121,,營運,永利,125,47.68
7月10日,L263333,A 類,不合格,OP-111,待確認,資材,東昇,160,46.45
0618,L263274,其他,不合格,OP-129,待確認,品保,東昇,126,18.97
2026/7/27,L262498,A 類,不合格,OP-133,,資材,捷欣,100,17.5
0719,L263643,B 類,已結案,OP-115,,品保,捷欣,197,54.76
0703,L267842,B 類,待處理,OP-122,,品保,永利,148,50.64
0713,L265995,B 類,,OP-139,,製造,東昇,217,57.07
7月26日,L261181,B 類,,OP-123,,研發,永利,116,96.45
2026/6/6,L262948,其他,合格,OP-105,,資材,順發,24,40.46
2026/7/10,L265371,B 類,不合格,OP-128,,製造,力鋼,174,31.02
2026/6/26,L263031,C 類,待處理,OP-114,待確認,營運,捷欣,81,75.03
7月22日,L263792,A 類,,OP-115,已回報,研發,大宏,88,88.09
6月10日,L261131,B 類,待處理,OP-106,,製造,大宏,154,17.66
6月5日,L265547,A 類,,OP-110,待確認,製造,東昇,198,87.1
7月18日,L268710,A 類,不合格,OP-108,已回報,營運,力鋼,143,38.85
2026/7/17,L263090,B 類,,OP-120,,資材,永利,152,68.6
2026/6/11,L269728,C 類,,OP-131,已回報,研發,順發,77,53.32
7月1日,L262248,B 類,,OP-106,已回報,資材,捷欣,33,77.05
2026/6/17,L268755,其他,,OP-146,已回報,製造,東昇,78,93.65
7月23日,L269916,C 類,,OP-118,,製造,東昇,100,19.74
0629,L269358,C 類,已結案,OP-111,,製造,捷欣,135,6.4
0719,L261549,A 類,,OP-124,待確認,研發,永利,181,1.86
2026/6/4,L267850,C 類,,OP-108,待確認,資材,東昇,210,22.18
2026/7/13,L263959,A 類,已結案,OP-130,,研發,力鋼,19,0.37
6月25日,L261381,其他,待處理,OP-124,待確認,研發,捷欣,213,64.22
0606,L261887,其他,待處理,OP-106,已回報,製造,永利,166,72.1
2026/6/13,L262495,A 類,待處理,OP-126,,製造,永利,185,45.5
7月25日,L269020,B 類,不合格,OP-131,,研發,永利,124,87.62
7月1日,L267018,C 類,,OP-120,,品保,永利,217,85.56
7月13日,L264651,B 類,合格,OP-142,已回報,資材,捷欣,38,24.55
0724,L261898,其他,已結案,OP-107,已回報,資材,順發,8,17.21
2026/6/12,L266258,其他,待處理,OP-105,,製造,順發,42,64.37
6月13日,L267425,其他,待處理,OP-117,,製造,永利,144,45.32
0705,L266255,B 類,,OP-139,,營運,捷欣,145,12.56
6月1日,L265964,其他,已結案,OP-118,,營運,大宏,189,30.31
2026/6/13,L265328,C 類,,OP-138,,營運,東昇,191,1.41
6月13日,L261560,C 類,,OP-114,已回報,營運,東昇,54,1.2
0608,L265873,A 類,不合格,OP-133,,製造,東昇,152,20.71
7月23日,L260777,其他,已結案,OP-148,已回報,品保,大宏,40,96.54
7月21日,L264013,其他,已結案,OP-128,,研發,捷欣,60,70.94
2026/6/2,L267545,A 類,,OP-104,已回報,營運,力鋼,46,44.28
6月28日,L266029,A 類,待處理,OP-117,已回報,資材,永利,2,81.85
2026/7/10,L262149,其他,,OP-134,,資材,東昇,41,25.55
0719,L263021,A 類,待處理,OP-107,,研發,順發,76,1.2
0708,L268845,A 類,不合格,OP-133,,製造,大宏,28,6.66
0729,L266716,A 類,,OP-124,已回報,研發,大宏,42,69.19
2026/7/2,L267955,B 類,,OP-119,待確認,研發,力鋼,231,11.76
2026/6/10,L265753,B 類,待處理,OP-122,,營運,大宏,177,86.29
7月19日,L265657,其他,,OP-133,,製造,永利,43,48.22
0707,L263561,C 類,,OP-145,,營運,力鋼,130,33.01
0706,L265392,A 類,,OP-126,已回報,營運,大宏,131,93.21
0708,L260291,B 類,已結案,OP-104,已回報,資材,捷欣,126,62.53
0730,L260374,A 類,,OP-126,,資材,東昇,210,88.32
7月11日,L265023,其他,,OP-102,,營運,大宏,204,4.58
6月18日,L264683,B 類,,OP-111,,營運,永利,45,93.2
7月25日,L268066,A 類,合格,OP-107,待確認,製造,捷欣,36,96.46
7月13日,L266329,C 類,合格,OP-144,,研發,力鋼,240,48.99
0628,L269797,其他,已結案,OP-140,,資材,東昇,77,92.24
0709,L260322,B 類,,OP-121,待確認,營運,力鋼,27,45.19
7月5日,L269334,其他,合格,OP-103,待確認,研發,永利,147,20.38
0612,L264095,C 類,待處理,OP-131,待確認,製造,順發,5,67.36
0629,L264340,C 類,合格,OP-117,,品保,永利,75,31.5
7月22日,L269028,B 類,待處理,OP-105,待確認,製造,捷欣,85,31.81
7月10日,L260147,C 類,已結案,OP-132,已回報,研發,大宏,39,81.59
2026/7/30,L266226,其他,已結案,OP-114,,品保,力鋼,112,31.12
2026/6/7,L265781,C 類,合格,OP-109,,營運,捷欣,26,42.11
0712,L269631,A 類,待處理,OP-105,待確認,資材,東昇,72,56.11
2026/6/6,L268075,A 類,已結案,OP-134,,製造,永利,4,50.99
7月2日,L267763,C 類,已結案,OP-116,已回報,研發,順發,143,4.15
2026/6/7,L265436,B 類,已結案,OP-120,,研發,捷欣,74,13.47
0610,L263470,C 類,合格,OP-135,,資材,順發,37,72.23
7月10日,L267832,C 類,,OP-123,,製造,永利,13,21.98
2026/6/26,L268311,B 類,,OP-146,,資材,永利,178,80.11
2026/6/9,L267294,A 類,合格,OP-115,,資材,力鋼,223,53.55
0629,L265151,其他,待處理,OP-113,,製造,捷欣,196,76.89
6月7日,L261612,B 類,,OP-119,已回報,研發,永利,219,29.38
2026/6/11,L261112,B 類,,OP-148,待確認,研發,大宏,32,84.99
2026/6/21,L267047,其他,,OP-132,待確認,製造,順發,204,62.11
2026/7/12,L267616,A 類,,OP-117,待確認,製造,捷欣,55,6.93
6月5日,L261560,其他,合格,OP-125,已回報,品保,力鋼,186,47.63
6月4日,L268058,C 類,待處理,OP-104,,品保,捷欣,129,55.35
2026/7/28,L264861,其他,待處理,OP-128,,研發,力鋼,4,88.36
2026/7/17,L267151,B 類,,OP-110,已回報,製造,捷欣,189,7.82
0617,L266141,其他,,OP-113,待確認,製造,永利,6,49.61
0608,L262877,其他,待處理,OP-123,,資材,力鋼,100,92.86
6月22日,L265233,B 類,已結案,OP-140,已回報,製造,力鋼,231,59.19
2026/7/13,L265599,其他,,OP-116,已回報,製造,大宏,158,64.37
2026/6/9,L264777,B 類,,OP-115,,製造,順發,235,0.24
2026/7/9,L261789,C 類,不合格,OP-116,已回報,研發,力鋼,194,28.52
0620,L260465,其他,,OP-106,,營運,東昇,23,33.29
7月17日,L263985,其他,待處理,OP-103,待確認,品保,永利,58,70.47
7月29日,L264613,A 類,合格,OP-101,待確認,研發,東昇,34,16.72
7月7日,L268637,A 類,合格,OP-144,,品保,力鋼,60,83.28
0607,L263552,B 類,不合格,OP-132,,營運,順發,30,52.72
7月21日,L269713,B 類,不合格,OP-115,,研發,永利,157,91.87
0719,L268027,B 類,已結案,OP-104,已回報,製造,順發,102,25.47
0701,L265013,C 類,,OP-133,,製造,捷欣,187,93.54
2026/6/8,L267328,C 類,不合格,OP-138,,製造,大宏,214,48.93
7月5日,L261759,A 類,,OP-132,待確認,資材,順發,63,14.31
2026/7/17,L263526,C 類,已結案,OP-116,,營運,順發,20,9.83
6月9日,L264490,A 類,合格,OP-137,,製造,大宏,124,70.17
2026/7/14,L265375,B 類,已結案,OP-113,,製造,順發,148,53.8
6月4日,L262426,其他,,OP-130,已回報,營運,大宏,96,41.95
6月26日,L268348,A 類,不合格,OP-120,已回報,製造,東昇,47,27.72
2026/6/14,L263578,C 類,合格,OP-137,,營運,捷欣,128,13.5
7月12日,L267138,A 類,待處理,OP-135,,研發,順發,181,14.38
2026/7/26,L264290,C 類,不合格,OP-112,,研發,力鋼,18,84.86
7月19日,L262631,C 類,待處理,OP-124,,營運,捷欣,159,69.51
2026/6/17,L267888,B 類,,OP-143,待確認,營運,力鋼,201,6.4
2026/6/8,L260630,其他,已結案,OP-104,,品保,順發,176,13.66
7月18日,L269271,C 類,不合格,OP-141,,製造,大宏,188,84.32
2026/7/10,L263764,B 類,不合格,OP-115,待確認,營運,東昇,90,60.14
0722,L269154,A 類,待處理,OP-143,,製造,捷欣,19,44.53
0712,L268346,其他,合格,OP-147,,製造,力鋼,70,64.6
6月13日,L266397,A 類,,OP-107,,營運,捷欣,132,84.93
0605,L265289,其他,待處理,OP-147,,資材,力鋼,71,54.89
7月12日,L265625,其他,已結案,OP-135,,品保,大宏,179,21.99
7月12日,L264785,其他,待處理,OP-132,已回報,資材,順發,142,40.21
0629,L264589,其他,,OP-101,,營運,大宏,138,92.17
2026/7/1,L264166,C 類,,OP-122,已回報,資材,東昇,184,51.22
7月9日,L261180,C 類,,OP-134,,資材,捷欣,61,22.63
0705,L260060,A 類,待處理,OP-104,已回報,製造,順發,88,4.07
7月27日,L263343,C 類,,OP-142,待確認,研發,順發,141,54.97
2026/6/14,L261399,C 類,,OP-101,待確認,營運,力鋼,233,66.45
0619,L261781,A 類,,OP-118,待確認,品保,大宏,35,17.86
2026/7/22,L269569,其他,待處理,OP-129,待確認,品保,捷欣,64,50.9
7月8日,L261661,B 類,,OP-117,已回報,製造,順發,229,3.03
7月18日,L264255,A 類,合格,OP-112,,資材,永利,93,81.04
0616,L265948,B 類,,OP-130,待確認,營運,永利,119,94.02
7月22日,L261783,A 類,,OP-134,,資材,大宏,15,8.44
0722,L263016,C 類,合格,OP-138,已回報,品保,捷欣,25,15.98
0707,L261728,C 類,合格,OP-112,已回報,品保,順發,72,22.27
2026/6/4,L269275,A 類,待處理,OP-138,,研發,東昇,174,82.0
2026/6/12,L268379,B 類,已結案,OP-140,,製造,大宏,51,42.49
0626,L264582,C 類,,OP-120,,營運,捷欣,22,27.84
0713,L260273,B 類,不合格,OP-145,,品保,順發,125,37.24
0627,L267592,其他,,OP-134,已回報,製造,大宏,107,32.65
7月24日,L263966,A 類,不合格,OP-114,已回報,品保,順發,18,78.03
7月30日,L264960,其他,待處理,OP-114,,品保,大宏,25,59.57
6月17日,L269018,其他,待處理,OP-126,,營運,永利,233,91.48
0728,L265215,其他,,OP-128,,營運,大宏,236,80.67
2026/7/18,L260281,其他,合格,OP-130,待確認,營運,永利,145,58.68
0717,L265750,其他,已結案,OP-121,,研發,大宏,103,78.24
6月9日,L268832,其他,待處理,OP-110,已回報,資材,順發,157,2.42
7月28日,L268177,A 類,已結案,OP-131,,研發,力鋼,104,35.97
0702,L262831,其他,合格,OP-122,,研發,捷欣,97,83.94
0620,L264153,A 類,不合格,OP-136,已回報,品保,永利,190,38.78
2026/6/28,L267141,B 類,不合格,OP-146,已回報,資材,捷欣,44,88.42
0627,L264593,其他,待處理,OP-139,待確認,研發,大宏,118,55.72
0609,L268127,A 類,,OP-103,已回報,資材,力鋼,213,44.48
0603,L266394,A 類,已結案,OP-147,待確認,資材,力鋼,205,56.26
0727,L268694,C 類,已結案,OP-108,,品保,力鋼,103,70.67
7月8日,L266613,A 類,不合格,OP-128,,品保,順發,103,54.4
7月15日,L260182,C 類,,OP-137,,研發,永利,44,89.17
7月30日,L263195,A 類,,OP-131,已回報,製造,力鋼,151,80.93
0704,L265925,其他,,OP-128,待確認,營運,力鋼,83,8.64
0621,L260712,C 類,待處理,OP-136,已回報,營運,永利,32,24.96
7月9日,L268737,B 類,待處理,OP-114,待確認,品保,大宏,130,5.72
2026/6/14,L261540,其他,不合格,OP-146,,品保,永利,41,48.6
0609,L260728,B 類,,OP-132,,品保,順發,122,24.82
0612,L263833,B 類,合格,OP-106,,營運,東昇,86,56.43
7月16日,L263919,其他,,OP-127,,營運,東昇,138,65.03
6月2日,L263881,A 類,待處理,OP-129,,營運,力鋼,35,35.74
0720,L267520,其他,不合格,OP-113,,製造,力鋼,24,62.72
7月21日,L266737,其他,不合格,OP-130,,資材,大宏,238,94.7
2026/7/10,L260728,其他,合格,OP-113,,營運,東昇,125,69.64
2026/6/12,L262251,A 類,不合格,OP-130,,營運,大宏,155,43.09
0622,L269780,B 類,,OP-123,待確認,資材,東昇,9,23.47
2026/6/7,L261435,A 類,已結案,OP-142,,營運,東昇,178,22.27
2026/7/21,L268013,B 類,合格,OP-108,,品保,大宏,28,14.01
2026/7/8,L262924,B 類,,OP-119,待確認,營運,捷欣,223,69.23
2026/7/24,L268652,C 類,已結案,OP-124,,研發,大宏,150,95.95
2026/6/21,L262443,A 類,已結案,OP-108,,資材,力鋼,84,9.44
0729,L265745,其他,待處理,OP-117,,品保,順發,186,32.54
0609,L266927,其他,已結案,OP-146,,研發,捷欣,130,32.85
0717,L260684,A 類,,OP-138,,製造,順發,79,19.83
6月14日,L265399,A 類,合格,OP-139,,品保,力鋼,205,47.74
7月6日,L268115,B 類,待處理,OP-108,,品保,力鋼,49,17.82
2026/6/12,L264911,B 類,合格,OP-147,待確認,研發,東昇,235,92.43
0626,L262514,C 類,不合格,OP-101,,資材,東昇,126,93.18
2026/6/9,L264977,B 類,,OP-142,,製造,大宏,123,68.17
7月10日,L260546,B 類,合格,OP-140,已回報,營運,東昇,134,16.67
2026/6/23,L267458,C 類,,OP-106,,製造,永利,197,28.62
0622,L269937,其他,待處理,OP-148,,營運,永利,165,82.55
6月2日,L264565,B 類,,OP-121,已回報,品保,力鋼,72,28.3
0625,L260729,B 類,不合格,OP-116,已回報,資材,大宏,119,78.02
2026/6/18,L262099,A 類,已結案,OP-109,,品保,東昇,67,97.52
6月14日,L266621,A 類,,OP-126,,資材,捷欣,73,6.59
6月26日,L262148,A 類,已結案,OP-140,待確認,製造,東昇,143,36.53
2026/7/13,L261413,B 類,待處理,OP-104,,營運,捷欣,215,48.14
0614,L261363,其他,不合格,OP-139,,品保,大宏,76,61.97
2026/6/29,L261944,C 類,待處理,OP-137,,研發,大宏,177,63.04
0725,L267552,其他,合格,OP-115,,資材,大宏,201,90.57
0727,L263929,B 類,合格,OP-111,,製造,順發,164,75.46
2026/7/4,L260892,C 類,待處理,OP-114,待確認,營運,順發,18,54.52
2026/6/29,L262493,C 類,不合格,OP-125,,營運,力鋼,237,37.94
7月28日,L266833,其他,合格,OP-126,已回報,製造,東昇,197,49.54
6月10日,L268766,其他,合格,OP-131,待確認,研發,東昇,73,58.88
2026/6/21,L267981,其他,已結案,OP-129,待確認,資材,大宏,48,30.78
0723,L263387,C 類,,OP-132,,研發,永利,115,37.04
6月2日,L267818,C 類,待處理,OP-148,待確認,資材,捷欣,31,50.35
2026/7/29,L265634,B 類,不合格,OP-131,,研發,捷欣,195,18.75
0618,L263911,B 類,已結案,OP-121,待確認,品保,東昇,231,32.47
2026/6/12,L261380,A 類,,OP-114,已回報,資材,力鋼,109,75.63
2026/7/24,L266352,C 類,合格,OP-105,,資材,東昇,74,86.24
7月14日,L269549,A 類,,OP-129,待確認,研發,東昇,35,75.52
0726,L264625,B 類,待處理,OP-107,已回報,製造,永利,70,1.96
7月20日,L265129,其他,已結案,OP-143,,製造,永利,229,37.48
7月3日,L267658,B 類,待處理,OP-119,,營運,大宏,115,35.38
7月28日,L262034,C 類,待處理,OP-130,,研發,順發,20,19.21
6月20日,L266475,B 類,已結案,OP-130,已回報,製造,大宏,158,80.33
0725,L269891,B 類,不合格,OP-132,已回報,研發,力鋼,190,4.36
2026/7/28,L264869,C 類,,OP-132,,研發,永利,159,89.78
6月12日,L265066,C 類,,OP-116,已回報,製造,力鋼,112,17.34
6月3日,L266695,B 類,不合格,OP-148,,製造,力鋼,8,20.4
2026/7/22,L263974,B 類,待處理,OP-124,,營運,大宏,66,30.4
0718,L268976,B 類,不合格,OP-133,已回報,製造,大宏,103,29.61
2026/6/7,L262859,B 類,,OP-138,,研發,力鋼,219,46.56
2026/7/8,L269361,B 類,不合格,OP-105,,品保,捷欣,15,19.9
6月14日,L261061,其他,不合格,OP-128,待確認,營運,順發,205,35.0
0705,L267645,A 類,,OP-102,已回報,資材,東昇,76,43.86
0730,L263582,C 類,合格,OP-130,待確認,品保,大宏,51,96.96
2026/7/4,L260866,B 類,合格,OP-144,,研發,捷欣,68,77.14
2026/7/17,L262584,B 類,合格,OP-112,已回報,研發,東昇,215,56.51
0712,L266961,其他,不合格,OP-144,,研發,捷欣,130,48.1
2026/6/24,L263579,A 類,已結案,OP-135,待確認,營運,永利,169,50.65
7月19日,L268370,C 類,,OP-130,已回報,資材,永利,194,91.97
2026/7/14,L267141,A 類,,OP-137,,資材,力鋼,144,24.56
2026/6/16,L264124,C 類,合格,OP-125,待確認,營運,大宏,41,37.2
0614,L261574,其他,不合格,OP-106,,製造,大宏,89,82.23
2026/6/15,L266644,其他,合格,OP-121,,資材,永利,35,46.07
0611,L269561,C 類,,OP-103,,製造,力鋼,228,82.79
2026/6/24,L260947,B 類,已結案,OP-103,,資材,大宏,167,58.2
7月13日,L260198,C 類,已結案,OP-145,待確認,營運,東昇,129,50.17
7月8日,L264151,C 類,待處理,OP-136,,營運,順發,181,94.8
7月4日,L261252,其他,,OP-105,待確認,營運,東昇,53,5.26
2026/7/5,L266328,B 類,不合格,OP-121,待確認,營運,力鋼,68,92.91
0729,L261760,C 類,,OP-134,,資材,永利,178,62.3
2026/6/16,L268010,其他,不合格,OP-106,已回報,資材,東昇,32,41.78
2026/6/17,L263817,C 類,已結案,OP-142,,研發,永利,61,18.05
0613,L263281,其他,合格,OP-110,,製造,東昇,229,86.24
0727,L264053,C 類,不合格,OP-111,,營運,力鋼,18,81.55
0711,L267789,其他,,OP-118,,營運,大宏,43,41.16
6月26日,L266597,其他,合格,OP-147,已回報,營運,永利,105,6.76
2026/6/21,L261822,B 類,不合格,OP-111,,品保,力鋼,218,74.04
7月17日,L263652,其他,,OP-120,,研發,捷欣,235,59.81
6月3日,L266434,其他,不合格,OP-123,,品保,大宏,125,2.66
0605,L263019,C 類,待處理,OP-105,,製造,大宏,76,40.29
6月23日,L261190,B 類,不合格,OP-104,,營運,順發,147,29.86
6月20日,L265767,C 類,已結案,OP-132,,品保,東昇,237,49.81
2026/6/27,L267142,C 類,待處理,OP-103,,製造,永利,215,20.76
0718,L262589,A 類,待處理,OP-139,待確認,研發,東昇,49,49.16
0620,L266756,A 類,待處理,OP-128,,營運,順發,141,52.68
0717,L263849,C 類,,OP-136,,資材,永利,102,2.33
7月22日,L268422,其他,待處理,OP-128,已回報,製造,東昇,51,32.61
6月29日,L262328,C 類,,OP-104,,資材,大宏,191,82.65
6月28日,L261436,B 類,待處理,OP-114,,研發,順發,186,59.78
2026/6/23,L269231,C 類,待處理,OP-112,已回報,研發,大宏,99,48.2
2026/6/27,L260270,A 類,已結案,OP-131,待確認,研發,力鋼,146,50.18
2026/7/13,L265853,B 類,,OP-119,,製造,順發,68,97.38
0716,L262899,其他,待處理,OP-116,,品保,順發,66,11.9
7月14日,L261241,其他,不合格,OP-146,,製造,永利,121,20.42
0612,L265124,A 類,合格,OP-132,已回報,研發,力鋼,76,23.73
6月30日,L261578,A 類,合格,OP-106,,品保,力鋼,167,70.57
0717,L262486,其他,,OP-103,,營運,捷欣,137,66.95
2026/7/29,L267028,其他,待處理,OP-142,,研發,大宏,211,39.64
2026/6/2,L263895,A 類,已結案,OP-128,,研發,力鋼,113,80.74
0607,L269464,B 類,,OP-136,待確認,研發,順發,168,27.21
7月14日,L263899,其他,合格,OP-143,,資材,東昇,233,81.01
0728,L262415,A 類,合格,OP-111,,製造,大宏,7,16.7
6月19日,L268253,其他,已結案,OP-123,已回報,製造,順發,127,49.21
2026/6/30,L262887,其他,待處理,OP-134,,品保,永利,42,60.11
2026/6/21,L267981,其他,已結案,OP-129,待確認,資材,大宏,48,30.78
0621,L261990,其他,不合格,OP-106,,研發,東昇,165,1.16
0613,L264783,C 類,待處理,OP-115,,品保,東昇,20,3.6
2026/6/19,L262997,C 類,,OP-121,,資材,順發,212,94.89
7月21日,L260593,其他,待處理,OP-148,,營運,東昇,113,41.6
2026/6/3,L263621,C 類,待處理,OP-110,已回報,研發,永利,185,5.82
7月17日,L267461,B 類,待處理,OP-128,待確認,研發,力鋼,70,22.8
2026/6/14,L261238,B 類,已結案,OP-118,待確認,研發,順發,135,36.4
2026/7/16,L268684,A 類,不合格,OP-145,,研發,東昇,197,40.87
2026/7/15,L262382,其他,已結案,OP-146,,資材,東昇,160,12.43
2026/7/26,L266992,其他,已結案,OP-124,,資材,順發,227,67.41
6月30日,L262183,B 類,已結案,OP-136,,研發,大宏,42,58.03
2026/6/2,L263497,其他,合格,OP-141,待確認,營運,捷欣,110,77.06
0718,L267510,C 類,已結案,OP-120,待確認,研發,大宏,199,48.69
7月22日,L261379,A 類,已結案,OP-106,,研發,力鋼,145,34.55
6月8日,L263118,C 類,已結案,OP-115,,製造,東昇,237,41.85
6月14日,L260487,B 類,,OP-125,,品保,大宏,225,87.86
2026/6/28,L268861,C 類,已結案,OP-124,,資材,永利,226,46.31
6月18日,L262819,其他,合格,OP-141,,營運,永利,7,86.45
7月30日,L264768,B 類,待處理,OP-118,,品保,永利,74,7.51
7月6日,L267526,其他,合格,OP-118,已回報,資材,永利,177,19.7
2026/6/3,L261841,C 類,待處理,OP-123,,製造,力鋼,77,18.21
7月27日,L267675,B 類,,OP-126,,資材,永利,43,96.48
2026/7/26,L261953,A 類,不合格,OP-126,,研發,順發,191,97.75
6月30日,L265094,C 類,合格,OP-129,已回報,品保,力鋼,237,84.19
2026/6/2,L264856,B 類,不合格,OP-101,,資材,大宏,15,0.86
6月9日,L262097,C 類,不合格,OP-125,,研發,力鋼,15,58.91
2026/6/4,L269512,C 類,合格,OP-105,已回報,製造,力鋼,50,48.23
2026/7/10,L264076,A 類,不合格,OP-116,,營運,捷欣,207,23.91
6月20日,L266960,其他,待處理,OP-119,,資材,順發,82,89.79
6月18日,L261170,B 類,待處理,OP-102,,製造,捷欣,123,71.44
0728,L260330,A 類,不合格,OP-106,,研發,東昇,34,50.53
6月20日,L261373,A 類,已結案,OP-119,,營運,永利,75,65.76
2026/7/9,L267668,其他,,OP-109,,資材,東昇,159,60.38
7月21日,L262095,其他,不合格,OP-124,已回報,營運,力鋼,13,35.64
2026/7/17,L264610,其他,,OP-139,已回報,品保,力鋼,199,25.78
7月10日,L264742,C 類,,OP-103,,品保,大宏,166,75.21
6月22日,L260169,B 類,已結案,OP-102,,營運,永利,211,0.97
6月29日,L263598,A 類,,OP-144,,製造,捷欣,13,73.81
6月28日,L266690,C 類,待處理,OP-140,,資材,永利,201,79.99
6月7日,L262382,B 類,,OP-107,,營運,永利,94,79.65
2026/7/27,L266175,C 類,,OP-110,待確認,資材,永利,90,43.24
0726,L263450,其他,合格,OP-108,已回報,研發,捷欣,200,12.34
2026/6/18,L262283,C 類,不合格,OP-138,待確認,品保,東昇,6,8.54
2026/7/19,L269065,A 類,合格,OP-117,,營運,永利,33,25.46
2026/6/29,L265488,C 類,不合格,OP-113,,營運,捷欣,79,54.99
2026/6/23,L265572,C 類,,OP-130,,品保,順發,29,77.03
2026/7/8,L266213,A 類,,OP-107,待確認,資材,力鋼,201,77.06
0718,L265023,B 類,不合格,OP-129,待確認,製造,東昇,37,12.34
2026/7/29,L266386,C 類,,OP-125,,品保,力鋼,95,19.27
2026/6/19,L263779,A 類,不合格,OP-115,,營運,力鋼,72,43.93
2026/6/12,L268932,A 類,合格,OP-123,待確認,資材,大宏,50,25.92
6月16日,L264154,其他,待處理,OP-135,,營運,捷欣,66,48.29
2026/6/11,L263530,B 類,不合格,OP-130,,研發,大宏,24,34.28
6月18日,L260024,其他,合格,OP-118,已回報,製造,永利,193,38.49
7月14日,L268368,B 類,已結案,OP-107,,研發,順發,222,70.88
6月6日,L263989,B 類,,OP-113,,資材,力鋼,165,62.11
2026/7/23,L269537,其他,已結案,OP-111,待確認,研發,捷欣,19,42.16
0724,L265262,B 類,,OP-108,,資材,力鋼,93,39.39
2026/7/5,L267397,其他,,OP-125,,品保,大宏,4,56.36
7月11日,L260069,B 類,不合格,OP-107,,營運,東昇,146,36.52
6月20日,L261852,A 類,待處理,OP-143,,營運,永利,213,57.5
0630,L261178,B 類,不合格,OP-127,,品保,順發,213,92.02
0702,L269585,C 類,待處理,OP-143,待確認,營運,順發,201,27.09
0703,L265372,C 類,待處理,OP-118,,品保,東昇,227,96.21
7月30日,L262561,其他,已結案,OP-104,,營運,永利,220,18.53
0613,L266932,C 類,,OP-122,,營運,大宏,143,78.46
7月25日,L266256,B 類,,OP-123,待確認,製造,捷欣,206,77.41
2026/6/16,L260993,C 類,待處理,OP-130,,品保,大宏,186,83.06
0710,L266685,其他,不合格,OP-117,,品保,捷欣,94,69.1
0710,L268738,其他,已結案,OP-134,,研發,永利,86,56.24
0601,L264329,C 類,已結案,OP-114,待確認,品保,大宏,20,72.39
2026/7/20,L260562,B 類,已結案,OP-106,,資材,大宏,109,63.73
2026/6/3,L265815,C 類,,OP-112,,品保,順發,96,57.74
0711,L264789,其他,,OP-123,,製造,捷欣,210,23.55
7月19日,L261511,其他,已結案,OP-117,,製造,捷欣,17,15.76
2026/7/28,L266650,A 類,不合格,OP-131,,研發,東昇,203,73.04
0621,L262418,其他,不合格,OP-111,待確認,研發,東昇,50,33.0
0718,L269555,B 類,已結案,OP-117,待確認,研發,順發,180,38.07
6月17日,L263564,其他,,OP-129,,製造,永利,76,21.79
6月29日,L262179,A 類,待處理,OP-113,,營運,東昇,66,42.11
0705,L263389,C 類,已結案,OP-139,,品保,力鋼,72,88.05
6月24日,L264547,其他,合格,OP-137,待確認,品保,捷欣,74,55.98
0610,L260711,A 類,合格,OP-122,待確認,研發,永利,56,77.71
2026/6/23,L267113,其他,已結案,OP-107,待確認,研發,順發,68,84.18
0712,L260544,B 類,已結案,OP-101,,研發,東昇,18,33.34
2026/7/5,L261584,A 類,,OP-148,,製造,順發,122,67.91
6月11日,L261375,B 類,,OP-113,已回報,營運,順發,171,7.81
0617,L261487,C 類,不合格,OP-128,,品保,大宏,57,20.72
6月22日,L262648,B 類,待處理,OP-124,,品保,順發,146,57.34
7月3日,L266020,其他,合格,OP-127,,製造,捷欣,91,5.12
0614,L260236,A 類,已結案,OP-103,,製造,捷欣,105,75.34
2026/6/3,L262521,其他,不合格,OP-109,,品保,力鋼,238,80.32
6月8日,L269257,B 類,合格,OP-137,已回報,製造,順發,144,38.6
6月15日,L265210,C 類,不合格,OP-125,待確認,品保,永利,43,55.17
7月13日,L262785,B 類,,OP-118,已回報,品保,順發,95,1.62
7月4日,L264629,C 類,,OP-141,,製造,永利,34,89.72
0710,L261296,C 類,不合格,OP-117,,製造,大宏,171,13.56
6月20日,L262791,C 類,已結案,OP-138,已回報,品保,力鋼,4,71.34
7月23日,L264548,其他,不合格,OP-115,待確認,品保,大宏,202,44.38
7月1日,L261973,C 類,,OP-113,待確認,營運,順發,121,64.86
2026/6/27,L260475,B 類,合格,OP-136,已回報,營運,順發,33,68.27
0707,L264091,A 類,已結案,OP-132,待確認,資材,永利,55,43.5
6月16日,L265925,C 類,合格,OP-113,待確認,品保,順發,129,22.25
2026/7/9,L263251,A 類,待處理,OP-117,,營運,捷欣,199,67.12
2026/6/28,L268682,C 類,不合格,OP-128,,資材,永利,154,92.05
0715,L263216,其他,待處理,OP-102,,研發,捷欣,87,90.45
7月3日,L261286,B 類,不合格,OP-108,待確認,品保,力鋼,118,13.47
6月6日,L261632,A 類,不合格,OP-108,,研發,永利,183,13.1
6月2日,L263521,其他,不合格,OP-125,,研發,順發,146,73.49
0715,L260153,B 類,合格,OP-148,已回報,營運,永利,235,29.04
2026/6/23,L265997,其他,,OP-102,,品保,永利,180,7.47
0603,L269370,A 類,待處理,OP-104,,研發,捷欣,204,11.81
0603,L260349,C 類,待處理,OP-116,已回報,營運,順發,86,22.32
2026/6/21,L267572,B 類,,OP-135,,資材,順發,184,52.2
2026/6/30,L265378,其他,待處理,OP-126,,品保,順發,196,59.83
2026/6/10,L265162,A 類,,OP-117,待確認,資材,永利,163,14.36
0615,L265261,A 類,待處理,OP-143,待確認,研發,捷欣,225,54.4
6月21日,L261636,A 類,,OP-135,已回報,研發,永利,56,49.77
6月11日,L269159,C 類,已結案,OP-111,待確認,製造,東昇,223,59.26
0730,L262298,其他,待處理,OP-144,待確認,營運,力鋼,238,66.91
2026/7/5,L266064,其他,,OP-131,已回報,製造,大宏,135,38.44
2026/6/17,L264529,其他,,OP-103,,研發,力鋼,113,65.66
0720,L266217,A 類,不合格,OP-138,,研發,順發,45,15.38
6月28日,L263935,其他,,OP-106,待確認,製造,大宏,233,94.86
6月22日,L262374,其他,已結案,OP-103,,製造,永利,151,55.23
2026/6/11,L264694,B 類,,OP-136,,研發,東昇,163,38.25
0721,L268272,C 類,,OP-112,,資材,捷欣,186,14.89
0723,L264923,A 類,合格,OP-117,,品保,捷欣,16,8.01
7月5日,L263352,B 類,,OP-104,,製造,順發,198,56.31
2026/6/19,L261031,其他,,OP-128,,資材,永利,208,52.58
0720,L264791,C 類,待處理,OP-106,,資材,大宏,71,44.07
0605,L260350,C 類,,OP-105,,製造,力鋼,189,65.18
2026/7/9,L262739,A 類,不合格,OP-117,,營運,大宏,182,20.24
7月10日,L269610,A 類,待處理,OP-125,,品保,永利,119,84.79
2026/7/2,L266221,其他,不合格,OP-105,待確認,品保,大宏,106,93.1
0611,L268498,B 類,,OP-133,,製造,捷欣,32,48.53
0612,L261345,A 類,,OP-105,待確認,研發,永利,148,30.99
7月18日,L265674,B 類,,OP-144,待確認,資材,大宏,50,90.06
7月7日,L269967,A 類,,OP-128,,資材,捷欣,120,46.16
7月19日,L262120,C 類,不合格,OP-117,,品保,大宏,225,55.97
6月9日,L268588,B 類,,OP-103,已回報,資材,力鋼,204,71.31
0615,L262251,B 類,合格,OP-143,已回報,資材,順發,121,41.63
0703,L261934,A 類,已結案,OP-135,已回報,製造,大宏,35,94.39
2026/6/22,L269344,C 類,合格,OP-136,待確認,資材,東昇,99,41.9
0730,L260733,C 類,,OP-135,,品保,力鋼,88,93.58
2026/6/30,L260382,C 類,,OP-136,,製造,大宏,61,32.07
0719,L265022,C 類,不合格,OP-113,,營運,大宏,174,54.81
6月8日,L268214,C 類,,OP-103,已回報,研發,永利,220,2.11
7月1日,L268321,A 類,合格,OP-114,,品保,順發,186,56.71
7月1日,L267642,A 類,合格,OP-148,,製造,力鋼,142,46.65
7月16日,L261850,B 類,待處理,OP-122,,營運,力鋼,79,68.93
6月19日,L268441,A 類,合格,OP-127,待確認,資材,力鋼,217,71.06
0612,L269748,C 類,已結案,OP-147,,品保,東昇,156,79.48
2026/7/1,L267599,其他,已結案,OP-145,,資材,捷欣,102,37.89
0623,L266016,A 類,合格,OP-140,待確認,品保,順發,188,25.27
0711,L265732,A 類,已結案,OP-147,,研發,東昇,84,81.74
0605,L261811,B 類,待處理,OP-113,待確認,資材,東昇,223,41.65
2026/7/21,L260095,C 類,合格,OP-117,已回報,製造,大宏,43,40.48
0729,L266750,其他,已結案,OP-110,,資材,大宏,230,35.35
2026/7/2,L267228,C 類,待處理,OP-105,,研發,大宏,118,41.93
2026/6/16,L268370,C 類,合格,OP-124,已回報,製造,永利,199,41.16
6月4日,L264834,其他,不合格,OP-144,,研發,永利,211,63.47
0725,L265957,A 類,待處理,OP-126,,營運,捷欣,151,35.09
2026/6/3,L262675,其他,待處理,OP-143,待確認,品保,永利,121,41.83
2026/7/17,L262397,B 類,不合格,OP-105,,品保,永利,107,81.43
2026/6/3,L266616,A 類,合格,OP-116,待確認,品保,力鋼,16,11.68
7月22日,L264239,C 類,不合格,OP-116,已回報,製造,力鋼,188,5.8
6月5日,L261639,其他,不合格,OP-131,已回報,研發,永利,138,89.06
2026/6/8,L264233,C 類,已結案,OP-144,,製造,東昇,214,92.39
2026/7/3,L265644,其他,,OP-109,,品保,東昇,208,68.5
7月29日,L261739,A 類,已結案,OP-140,,品保,東昇,4,95.52
7月7日,L263715,A 類,待處理,OP-123,已回報,製造,順發,202,26.95
2026/6/30,L268674,B 類,待處理,OP-111,待確認,品保,力鋼,201,74.34
2026/7/21,L261630,其他,合格,OP-114,,研發,捷欣,1,33.08
7月13日,L268155,A 類,不合格,OP-114,,研發,力鋼,17,32.58
2026/7/4,L261392,C 類,已結案,OP-120,,研發,永利,85,49.28
6月5日,L262566,A 類,已結案,OP-141,,品保,東昇,85,97.54
6月29日,L269345,B 類,待處理,OP-119,待確認,營運,捷欣,25,91.47
2026/6/18,L262270,B 類,合格,OP-120,已回報,品保,力鋼,123,34.75
7月19日,L268411,其他,待處理,OP-146,,品保,大宏,8,42.87
2026/7/22,L261393,B 類,不合格,OP-105,,研發,東昇,64,96.43
0714,L265744,C 類,,OP-119,,營運,大宏,124,13.35
7月17日,L261560,A 類,,OP-112,已回報,品保,大宏,63,77.07
2026/6/21,L262663,B 類,,OP-106,待確認,營運,大宏,166,35.82
6月17日,L262250,C 類,合格,OP-141,,品保,永利,136,23.46
6月1日,L263339,其他,合格,OP-115,,製造,力鋼,172,28.06
6月10日,L269685,C 類,已結案,OP-106,待確認,製造,順發,26,96.99
2026/7/13,L264360,B 類,合格,OP-112,已回報,研發,順發,208,16.23
0718,L266395,A 類,已結案,OP-108,,營運,捷欣,15,2.7
2026/7/14,L262920,其他,待處理,OP-112,,製造,順發,119,52.88
0624,L261475,A 類,待處理,OP-111,,營運,東昇,110,29.41
0728,L262024,A 類,,OP-134,,營運,大宏,218,30.95
2026/6/28,L266022,C 類,已結案,OP-135,已回報,品保,永利,175,97.13
0726,L260145,C 類,,OP-140,已回報,研發,順發,174,60.67
7月29日,L269064,其他,合格,OP-126,,營運,捷欣,132,23.97
6月16日,L265733,B 類,,OP-119,待確認,資材,大宏,62,45.26
2026/6/11,L260083,C 類,不合格,OP-127,,資材,東昇,43,89.99
2026/6/9,L263278,其他,已結案,OP-108,,品保,大宏,48,84.38
6月8日,L266810,A 類,不合格,OP-129,,製造,捷欣,40,94.39
6月20日,L261426,其他,合格,OP-115,待確認,製造,捷欣,47,8.51
7月27日,L263448,其他,,OP-137,已回報,資材,大宏,47,49.78
0617,L260547,A 類,,OP-113,,品保,力鋼,187,22.22
0610,L264259,A 類,,OP-136,已回報,資材,永利,190,27.87
7月5日,L265138,A 類,,OP-131,待確認,研發,大宏,226,34.75
7月5日,L264621,C 類,不合格,OP-113,待確認,資材,捷欣,55,93.55
0718,L265023,B 類,不合格,OP-129,待確認,製造,東昇,37,12.34
7月2日,L261445,B 類,,OP-139,,製造,大宏,47,1.84
2026/7/19,L267320,B 類,,OP-130,,資材,東昇,105,16.27
2026/6/7,L260922,A 類,待處理,OP-141,,品保,東昇,25,68.3
2026/6/24,L268536,B 類,,OP-139,已回報,製造,順發,165,14.34
7月23日,L263323,C 類,待處理,OP-106,,營運,大宏,111,66.74
6月23日,L267793,C 類,,OP-104,,資材,順發,72,12.32
7月27日,L267074,A 類,待處理,OP-110,,營運,捷欣,105,84.37
0613,L261666,A 類,,OP-124,,製造,力鋼,54,81.06
7月22日,L260867,B 類,不合格,OP-121,待確認,營運,順發,183,68.13
6月24日,L262551,其他,已結案,OP-143,,研發,順發,106,89.09
6月21日,L263686,其他,待處理,OP-117,已回報,製造,捷欣,239,44.09
0607,L267856,C 類,已結案,OP-143,待確認,資材,順發,154,73.41
2026/7/9,L265544,B 類,,OP-113,已回報,研發,東昇,239,42.73
0712,L262471,C 類,不合格,OP-139,已回報,品保,東昇,157,91.79
0613,L264092,B 類,,OP-105,,營運,順發,139,55.17
2026/6/10,L267461,A 類,待處理,OP-110,已回報,資材,捷欣,96,21.21
7月11日,L268827,其他,,OP-108,,研發,東昇,203,65.08
7月1日,L269547,其他,,OP-144,待確認,資材,東昇,12,7.34
7月30日,L261957,B 類,待處理,OP-123,,製造,順發,201,8.89
2026/7/25,L266033,C 類,不合格,OP-143,,營運,東昇,68,5.33
6月1日,L264014,A 類,已結案,OP-131,待確認,資材,捷欣,221,41.21
0721,L262161,其他,待處理,OP-112,,製造,永利,132,71.04
2026/7/24,L266877,其他,不合格,OP-138,待確認,資材,東昇,153,96.6
2026/6/11,L267672,B 類,合格,OP-115,已回報,品保,力鋼,187,61.97
7月2日,L264414,A 類,待處理,OP-129,,資材,大宏,107,60.67
2026/6/20,L265614,C 類,已結案,OP-130,已回報,品保,大宏,181,62.15
7月3日,L265275,其他,,OP-101,,製造,順發,219,70.38
6月9日,L263381,B 類,已結案,OP-131,,製造,順發,37,36.08
0617,L261740,B 類,待處理,OP-104,,營運,永利,123,51.67
7月8日,L269929,B 類,待處理,OP-120,待確認,品保,順發,103,0.5
2026/7/7,L265466,C 類,不合格,OP-144,,品保,力鋼,237,32.6
0722,L265376,B 類,不合格,OP-108,已回報,研發,順發,97,33.52
2026/6/10,L263262,B 類,不合格,OP-135,已回報,品保,捷欣,198,26.88
0721,L264842,其他,,OP-134,待確認,品保,東昇,76,13.61
6月19日,L266470,其他,不合格,OP-106,已回報,資材,永利,3,92.18
0628,L269868,A 類,,OP-140,待確認,品保,永利,37,82.34
0716,L263064,B 類,已結案,OP-107,,研發,東昇,191,92.09
6月20日,L265946,A 類,已結案,OP-137,,研發,順發,235,39.55
2026/6/19,L264814,A 類,,OP-102,,製造,永利,205,65.08
2026/7/17,L263183,A 類,合格,OP-117,,資材,捷欣,214,50.52
0618,L260210,C 類,,OP-103,待確認,營運,捷欣,108,89.0
0703,L261039,A 類,,OP-103,,營運,大宏,89,16.8
0711,L266619,B 類,,OP-110,已回報,品保,永利,140,12.25
2026/7/2,L268132,其他,,OP-124,,資材,永利,199,5.95
6月26日,L267313,C 類,,OP-133,已回報,資材,永利,166,94.62
2026/6/10,L262546,其他,不合格,OP-105,待確認,營運,捷欣,12,35.68
7月20日,L268038,A 類,,OP-135,待確認,品保,順發,237,56.34
6月14日,L261681,B 類,待處理,OP-126,,製造,東昇,18,22.32
2026/7/22,L263475,A 類,待處理,OP-140,待確認,製造,捷欣,207,87.74
2026/7/4,L266190,B 類,已結案,OP-116,待確認,製造,力鋼,32,92.43
0608,L268892,其他,,OP-108,已回報,研發,捷欣,208,53.65
2026/7/27,L261217,C 類,,OP-116,待確認,品保,永利,48,6.57
6月30日,L267017,C 類,,OP-139,,資材,永利,121,55.25
0721,L267911,其他,,OP-106,待確認,資材,東昇,167,37.99
0611,L260329,其他,,OP-123,,資材,東昇,149,31.02
2026/7/13,L265883,C 類,已結案,OP-125,待確認,研發,大宏,158,42.93
6月14日,L268378,B 類,待處理,OP-113,,研發,東昇,17,53.2
0730,L263227,C 類,,OP-118,已回報,資材,捷欣,221,55.72
0711,L262469,A 類,待處理,OP-142,,營運,順發,222,6.05
7月4日,L267222,其他,不合格,OP-141,,資材,順發,25,56.48
2026/7/25,L266461,B 類,合格,OP-119,待確認,研發,力鋼,147,26.14
6月24日,L262743,C 類,合格,OP-129,,製造,永利,239,7.37
2026/7/17,L260140,A 類,不合格,OP-142,,製造,捷欣,156,37.12
2026/6/25,L260954,B 類,已結案,OP-117,,營運,大宏,11,54.51
2026/7/17,L265761,其他,已結案,OP-119,,營運,順發,138,20.91
7月30日,L264456,其他,合格,OP-148,已回報,製造,大宏,109,61.01
6月30日,L266320,C 類,,OP-106,,研發,力鋼,160,11.96
0615,L267211,其他,,OP-142,,研發,順發,199,96.06
0726,L260064,A 類,不合格,OP-134,,品保,捷欣,162,36.68
0703,L267840,C 類,已結案,OP-147,,製造,捷欣,95,50.4
2026/6/15,L261377,B 類,待處理,OP-131,,營運,永利,139,45.57
0605,L268831,B 類,,OP-111,,資材,永利,204,44.41
0607,L261684,A 類,待處理,OP-146,,品保,力鋼,109,78.14
0615,L263560,B 類,待處理,OP-122,,品保,捷欣,125,7.48
2026/7/16,L269876,C 類,不合格,OP-105,待確認,品保,永利,158,93.59
2026/6/28,L263733,A 類,已結案,OP-146,已回報,品保,力鋼,201,4.5
2026/6/5,L269846,A 類,,OP-126,,資材,東昇,3,96.21
7月13日,L265660,其他,已結案,OP-124,待確認,研發,東昇,142,89.0
0624,L267838,B 類,待處理,OP-146,,資材,東昇,76,83.39
0605,L261586,B 類,已結案,OP-128,已回報,研發,東昇,194,21.1
7月7日,L268637,A 類,合格,OP-144,,品保,力鋼,60,83.28
0615,L267859,C 類,,OP-148,,製造,大宏,76,12.88
0629,L267323,B 類,不合格,OP-133,,品保,大宏,73,92.96
0619,L269616,B 類,,OP-114,,營運,順發,163,78.52
0626,L260852,其他,已結案,OP-131,待確認,營運,永利,225,15.24
6月9日,L262747,C 類,待處理,OP-134,,品保,順發,98,41.79
6月6日,L268873,A 類,已結案,OP-122,已回報,營運,東昇,156,60.2
0611,L266898,B 類,,OP-129,待確認,營運,大宏,31,65.17
0627,L263674,C 類,待處理,OP-131,,品保,大宏,126,47.52
2026/6/11,L261372,A 類,已結案,OP-138,已回報,研發,捷欣,64,71.97
2026/6/10,L267181,其他,,OP-136,,研發,捷欣,6,20.11
2026/7/12,L265743,其他,不合格,OP-145,已回報,品保,永利,101,77.02
2026/7/7,L269363,其他,合格,OP-130,,營運,永利,144,56.47
7月12日,L260554,C 類,,OP-141,,資材,東昇,218,5.77
7月22日,L269250,B 類,,OP-104,已回報,製造,東昇,100,34.78
2026/7/21,L264572,B 類,合格,OP-138,,品保,力鋼,79,42.47
0719,L268780,C 類,,OP-106,,營運,力鋼,76,21.1
6月22日,L268058,其他,不合格,OP-142,,資材,捷欣,176,96.72
2026/6/20,L265868,C 類,已結案,OP-132,,品保,永利,51,32.78
6月7日,L264766,其他,已結案,OP-145,,製造,力鋼,49,68.41
6月7日,L267396,其他,,OP-134,已回報,資材,東昇,36,62.26
7月29日,L266454,其他,,OP-114,,資材,力鋼,125,49.03
2026/6/13,L260358,其他,已結案,OP-129,,研發,東昇,177,88.83
2026/7/22,L260212,其他,,OP-124,已回報,研發,順發,71,3.31
6月23日,L269125,C 類,,OP-130,待確認,營運,順發,24,21.98
7月13日,L265635,A 類,,OP-139,,製造,永利,122,34.38
2026/6/2,L267825,B 類,,OP-101,已回報,製造,順發,81,81.28
7月11日,L265139,C 類,待處理,OP-115,已回報,研發,大宏,55,78.34
7月16日,L268680,A 類,已結案,OP-132,已回報,研發,力鋼,61,84.68
7月1日,L263317,其他,,OP-105,已回報,品保,順發,93,22.32
7月3日,L260292,其他,待處理,OP-108,,資材,捷欣,38,42.43
0717,L262217,C 類,已結案,OP-109,已回報,製造,東昇,37,57.99
0703,L269897,B 類,待處理,OP-147,,製造,東昇,124,20.89
2026/7/4,L268427,其他,,OP-129,待確認,製造,東昇,55,81.02
6月9日,L262941,其他,合格,OP-110,待確認,營運,東昇,13,30.61
0719,L260195,B 類,已結案,OP-136,待確認,資材,永利,188,71.26
2026/6/22,L264595,C 類,已結案,OP-105,待確認,製造,大宏,127,65.25
2026/7/27,L261934,B 類,已結案,OP-145,已回報,資材,永利,176,76.01
0615,L260867,其他,,OP-134,,資材,力鋼,133,49.17
6月24日,L266692,其他,合格,OP-124,已回報,品保,東昇,96,26.69
2026/7/7,L267156,B 類,,OP-137,,品保,捷欣,66,9.21
6月22日,L266244,A 類,,OP-101,,品保,捷欣,203,0.95
2026/7/19,L264148,A 類,待處理,OP-146,,研發,永利,137,66.34
6月21日,L263929,B 類,待處理,OP-142,待確認,研發,力鋼,152,31.39
2026/7/19,L264016,其他,已結案,OP-133,,營運,捷欣,146,10.97
0625,L269632,C 類,,OP-103,已回報,研發,永利,116,55.62
2026/6/17,L261559,B 類,已結案,OP-137,,營運,大宏,164,80.71
6月29日,L260177,B 類,已結案,OP-102,,資材,順發,78,4.12
0625,L267558,其他,,OP-142,,研發,力鋼,111,88.22
2026/7/1,L260776,C 類,已結案,OP-135,,品保,大宏,192,16.78
2026/7/7,L262564,A 類,不合格,OP-127,,營運,捷欣,164,84.23
0726,L263130,B 類,待處理,OP-106,,研發,順發,9,77.33
0727,L268821,C 類,已結案,OP-131,,研發,大宏,175,91.61
6月25日,L267038,C 類,,OP-124,,品保,力鋼,194,90.73
2026/7/9,L267668,其他,,OP-109,,資材,東昇,159,60.38
2026/7/13,L260038,B 類,,OP-137,已回報,營運,捷欣,107,87.4
2026/6/16,L264591,A 類,不合格,OP-145,,研發,東昇,205,54.49
0610,L261088,B 類,待處理,OP-148,,研發,捷欣,33,17.1
0726,L261692,A 類,,OP-125,,資材,東昇,203,70.63
2026/6/5,L266048,B 類,待處理,OP-144,,研發,順發,4,90.68
0616,L265260,A 類,待處理,OP-112,,資材,大宏,64,9.42
7月6日,L268214,其他,,OP-122,,資材,捷欣,170,40.14
2026/6/26,L267278,B 類,不合格,OP-102,,製造,永利,70,11.19
6月15日,L266176,A 類,已結案,OP-117,,品保,東昇,128,90.05
7月18日,L262792,其他,已結案,OP-142,,資材,大宏,5,21.56
0702,L265023,B 類,,OP-114,,品保,大宏,112,18.8
6月30日,L265317,B 類,,OP-101,待確認,營運,大宏,90,61.25
6月30日,L262519,B 類,合格,OP-126,,品保,大宏,35,14.82
2026/7/6,L262579,C 類,待處理,OP-107,,製造,捷欣,240,66.64
2026/7/16,L269062,C 類,,OP-141,,營運,大宏,221,90.08
0727,L266835,其他,,OP-110,,製造,東昇,216,76.97
7月17日,L269179,A 類,不合格,OP-127,,研發,永利,96,87.83
2026/6/18,L260167,A 類,,OP-102,,品保,力鋼,128,6.36
2026/6/20,L263610,其他,不合格,OP-106,已回報,營運,捷欣,100,69.15
2026/6/13,L269055,C 類,合格,OP-132,,品保,永利,76,9.53
2026/7/11,L260038,A 類,待處理,OP-130,已回報,品保,東昇,234,88.27
0717,L262134,C 類,待處理,OP-124,,營運,順發,2,16.33
7月11日,L260243,C 類,待處理,OP-113,待確認,品保,大宏,171,27.79
0603,L269381,B 類,,OP-120,,製造,力鋼,187,85.01
2026/7/14,L261318,其他,已結案,OP-142,,品保,順發,167,67.93
0719,L261732,C 類,,OP-101,待確認,資材,順發,21,53.07
2026/7/1,L261562,A 類,,OP-136,已回報,品保,東昇,61,26.2
2026/7/12,L267744,C 類,已結案,OP-107,已回報,研發,順發,70,56.36
0609,L260762,A 類,已結案,OP-144,,研發,順發,136,69.88
2026/7/18,L269682,A 類,,OP-127,已回報,資材,力鋼,132,57.67
7月26日,L268765,A 類,已結案,OP-117,待確認,營運,捷欣,207,57.64
0709,L261270,其他,,OP-147,待確認,品保,力鋼,34,27.56
7月14日,L260354,B 類,,OP-132,已回報,研發,捷欣,36,81.31
2026/6/10,L262322,C 類,合格,OP-123,待確認,資材,力鋼,71,49.23
0728,L265892,其他,合格,OP-148,,品保,捷欣,26,11.64
0705,L266916,其他,不合格,OP-135,,研發,順發,48,67.22
6月10日,L262269,A 類,不合格,OP-110,已回報,資材,大宏,229,92.41
0710,L262548,C 類,已結案,OP-103,,營運,大宏,230,12.28
0710,L264199,C 類,已結案,OP-145,,資材,大宏,214,14.93
7月4日,L262494,A 類,待處理,OP-123,,資材,順發,189,54.43
0614,L268398,其他,不合格,OP-109,已回報,營運,捷欣,171,58.1
7月25日,L261498,B 類,,OP-143,待確認,研發,東昇,215,64.33
7月12日,L260481,其他,待處理,OP-103,,製造,捷欣,7,89.93
7月12日,L261958,其他,,OP-122,,資材,永利,136,61.8
6月4日,L269480,C 類,已結案,OP-113,待確認,營運,順發,48,2.55
6月2日,L266643,A 類,合格,OP-133,已回報,資材,捷欣,194,34.63
2026/6/13,L260716,B 類,,OP-113,,研發,捷欣,201,83.52
6月21日,L268469,其他,待處理,OP-143,,資材,大宏,138,80.13
6月18日,L262664,A 類,,OP-114,,研發,大宏,187,24.85
6月25日,L265036,其他,,OP-117,,資材,力鋼,115,26.91
2026/6/10,L261870,A 類,待處理,OP-144,,營運,力鋼,152,75.57
0628,L265020,其他,不合格,OP-122,,資材,東昇,80,7.86
7月21日,L264437,其他,合格,OP-125,,資材,順發,4,54.91
6月16日,L261115,B 類,不合格,OP-132,,研發,順發,66,72.68
6月17日,L260282,C 類,待處理,OP-116,待確認,品保,捷欣,189,39.07
7月14日,L260285,其他,,OP-140,,資材,力鋼,89,44.56
2026/7/18,L266392,C 類,不合格,OP-108,,營運,捷欣,26,39.29
0728,L268947,其他,不合格,OP-104,,資材,大宏,22,22.53
0722,L266950,B 類,待處理,OP-133,已回報,營運,捷欣,124,78.62
2026/7/15,L267522,B 類,已結案,OP-129,待確認,品保,大宏,160,84.48
0727,L260581,B 類,待處理,OP-109,已回報,研發,力鋼,47,12.15
7月15日,L268785,B 類,已結案,OP-141,待確認,研發,大宏,198,48.09
2026/7/14,L266627,其他,合格,OP-111,已回報,製造,大宏,27,8.64
0622,L260780,B 類,不合格,OP-127,,製造,捷欣,166,75.85
0718,L264347,B 類,不合格,OP-105,,研發,大宏,123,37.73
0714,L264233,其他,合格,OP-139,已回報,製造,東昇,64,27.59
6月10日,L263857,C 類,已結案,OP-146,,營運,順發,6,79.15
0730,L264688,C 類,不合格,OP-128,,資材,捷欣,217,66.79
2026/7/23,L265236,其他,,OP-101,已回報,營運,捷欣,52,0.42
0722,L260091,A 類,,OP-127,,製造,大宏,133,27.78
7月9日,L262518,A 類,,OP-127,已回報,研發,大宏,94,47.78
2026/6/19,L262368,A 類,不合格,OP-132,已回報,製造,東昇,111,18.37
0616,L260712,其他,合格,OP-120,,品保,東昇,115,79.67
2026/7/30,L260486,其他,,OP-107,,製造,東昇,228,93.44
7月14日,L263071,其他,不合格,OP-105,,品保,大宏,210,91.28
6月13日,L268392,其他,不合格,OP-108,,資材,大宏,10,17.41
2026/7/17,L268959,其他,合格,OP-124,,品保,永利,84,46.3
0704,L261521,其他,不合格,OP-120,已回報,研發,力鋼,70,11.33
0604,L266021,C 類,待處理,OP-132,,資材,捷欣,74,94.45
2026/7/11,L266845,B 類,已結案,OP-128,已回報,研發,順發,152,57.02
7月7日,L265521,A 類,待處理,OP-106,待確認,資材,力鋼,150,55.39
7月6日,L265744,其他,合格,OP-122,,營運,永利,117,9.01
0720,L268793,B 類,不合格,OP-115,待確認,研發,順發,34,84.08
6月1日,L263623,A 類,已結案,OP-124,,製造,力鋼,69,40.46
2026/6/29,L261540,B 類,待處理,OP-121,待確認,品保,順發,101,32.34
7月7日,L266886,B 類,待處理,OP-113,待確認,製造,大宏,237,79.42
2026/7/6,L263945,B 類,合格,OP-129,,製造,永利,81,51.93
7月29日,L264631,C 類,已結案,OP-135,,營運,東昇,32,33.52
2026/6/4,L264528,其他,已結案,OP-112,已回報,營運,大宏,2,86.73
2026/7/7,L265991,C 類,,OP-135,,品保,捷欣,106,47.93
0712,L263697,A 類,不合格,OP-147,,製造,東昇,226,27.06
7月15日,L264961,A 類,待處理,OP-128,,營運,大宏,206,32.61
7月6日,L268717,其他,,OP-116,,資材,力鋼,185,23.33
0706,L266291,C 類,合格,OP-113,,研發,順發,184,12.76
2026/6/28,L262970,其他,已結案,OP-128,,研發,力鋼,136,45.86
6月19日,L264259,A 類,已結案,OP-121,,製造,力鋼,101,90.13
0612,L265397,其他,,OP-101,,資材,永利,9,43.63
0710,L263190,其他,,OP-109,,營運,順發,191,90.84
0616,L261981,C 類,不合格,OP-131,,資材,力鋼,198,39.99
2026/7/23,L262912,其他,已結案,OP-129,,製造,大宏,142,13.07
2026/7/21,L262656,C 類,已結案,OP-133,已回報,營運,永利,141,33.62
7月23日,L264540,C 類,,OP-116,,研發,東昇,197,38.02
7月27日,L268319,C 類,合格,OP-131,,品保,力鋼,161,74.56
7月4日,L261826,B 類,合格,OP-143,已回報,營運,順發,224,35.04
0721,L261262,B 類,,OP-111,,研發,大宏,17100.0,72.09
0601,L263777,其他,待處理,OP-148,,營運,順發,129,3.49
0703,L267010,其他,,OP-137,,資材,力鋼,30,10.79
6月13日,L269494,其他,,OP-120,,研發,永利,136,50.59
7月3日,L266822,C 類,合格,OP-145,,研發,永利,172,11.0
7月30日,L268523,B 類,合格,OP-103,已回報,研發,大宏,209,68.51
2026/7/14,L261180,其他,合格,OP-137,,研發,捷欣,49,94.5
2026/6/15,L262873,C 類,合格,OP-137,待確認,製造,順發,60,52.45
7月20日,L264435,A 類,,OP-117,,營運,東昇,210,0.21
2026/7/9,L265075,其他,合格,OP-118,待確認,研發,東昇,95,22.25
0704,L266560,C 類,不合格,OP-122,待確認,製造,永利,18,64.81
0623,L260927,其他,待處理,OP-116,,營運,順發,197,7.91
2026/7/16,L266825,A 類,,OP-105,已回報,資材,順發,226,29.31
0719,L260225,C 類,已結案,OP-123,,製造,東昇,100,47.36
2026/6/5,L266111,其他,合格,OP-113,已回報,資材,東昇,81,30.5
2026/7/4,L264573,A 類,,OP-124,已回報,資材,永利,18,9.34
2026/7/27,L263177,B 類,待處理,OP-103,,品保,順發,56,26.7
0721,L267183,B 類,不合格,OP-117,待確認,研發,東昇,70,43.67
2026/6/2,L268244,C 類,,OP-137,已回報,營運,順發,186,29.65
2026/7/1,L268246,B 類,,OP-111,,資材,東昇,219,57.38
2026/6/8,L260355,C 類,待處理,OP-116,,資材,捷欣,214,46.46
0621,L260523,C 類,,OP-111,,研發,永利,63,76.57
0608,L264878,A 類,待處理,OP-129,,營運,捷欣,220,5.31
0608,L262022,A 類,不合格,OP-118,,品保,力鋼,178,5.27
0726,L268489,C 類,待處理,OP-134,,品保,東昇,65,65.96
6月7日,L265119,A 類,已結案,OP-110,,研發,力鋼,76,37.52
0722,L269170,B 類,,OP-133,待確認,製造,力鋼,192,52.31
0626,L260629,A 類,已結案,OP-124,已回報,營運,永利,74,19.5
0625,L260636,B 類,,OP-135,待確認,品保,永利,152,33.79
0705,L266927,C 類,不合格,OP-115,,資材,大宏,153,24.26
2026/7/27,L268541,B 類,合格,OP-122,已回報,製造,順發,227,56.24
2026/7/3,L260335,B 類,不合格,OP-131,,研發,東昇,184,28.07
0625,L268152,A 類,待處理,OP-137,已回報,研發,力鋼,99,7.43
0719,L268852,A 類,待處理,OP-142,,製造,永利,182,83.77
0619,L263969,A 類,已結案,OP-139,,資材,順發,217,11.84
0724,L263749,A 類,,OP-103,,研發,大宏,239,41.7
6月11日,L264290,C 類,已結案,OP-110,,品保,東昇,163,75.49
2026/7/11,L265191,A 類,不合格,OP-132,待確認,資材,永利,192,92.14
2026/7/3,L262548,其他,合格,OP-107,,製造,捷欣,92,18.12
0714,L265355,C 類,,OP-143,已回報,營運,捷欣,187,15.27
2026/6/15,L264748,C 類,,OP-125,,資材,東昇,135,38.69
6月17日,L260497,其他,待處理,OP-141,,製造,力鋼,203,73.16
0601,L266527,C 類,合格,OP-139,待確認,營運,東昇,137,44.21
7月30日,L263977,C 類,待處理,OP-134,待確認,資材,大宏,44,47.17
0620,L267639,A 類,待處理,OP-120,已回報,營運,順發,105,96.03
2026/7/21,L264163,B 類,已結案,OP-143,,品保,永利,39,76.91
0616,L263334,B 類,已結案,OP-135,已回報,製造,永利,208,66.96
7月6日,L261783,其他,不合格,OP-145,,研發,捷欣,168,69.38
7月13日,L268398,B 類,,OP-141,,製造,東昇,189,57.06
0627,L264491,A 類,已結案,OP-145,,製造,捷欣,224,24.59
7月1日,L262820,A 類,不合格,OP-103,已回報,資材,永利,188,15.06
6月1日,L267570,其他,已結案,OP-135,已回報,製造,力鋼,54,8.27
2026/7/8,L264822,其他,已結案,OP-123,,品保,東昇,88,0.33
2026/7/14,L269249,其他,待處理,OP-110,,研發,大宏,41,37.31
7月10日,L261431,其他,合格,OP-136,,營運,順發,7,68.03
6月21日,L260926,C 類,不合格,OP-108,,資材,東昇,145,69.75
2026/7/6,L267525,B 類,,OP-145,,研發,順發,228,19.14
0715,L261932,C 類,合格,OP-119,,資材,力鋼,139,72.29
0709,L260549,B 類,已結案,OP-142,,營運,大宏,82,74.59
0611,L262336,C 類,合格,OP-116,已回報,研發,力鋼,69,28.53
0724,L261058,其他,合格,OP-122,,品保,順發,173,81.66
0730,L261196,B 類,已結案,OP-130,已回報,營運,順發,168,8.29
2026/7/4,L268160,A 類,已結案,OP-122,,資材,大宏,236,90.88
0717,L260261,A 類,待處理,OP-139,待確認,營運,捷欣,68,60.23
7月15日,L263555,B 類,待處理,OP-145,,製造,永利,16400.0,20.09
0617,L260665,A 類,待處理,OP-127,已回報,品保,順發,109,38.56
7月4日,L268876,其他,已結案,OP-106,,營運,捷欣,100,7.54
2026/7/26,L262949,其他,合格,OP-142,待確認,資材,東昇,63,76.3
6月16日,L262397,A 類,待處理,OP-104,,資材,捷欣,117,39.12
2026/7/2,L266944,C 類,合格,OP-112,,製造,東昇,136,74.27
0726,L264317,其他,,OP-124,,營運,順發,140,92.04
0721,L262364,A 類,,OP-133,待確認,研發,力鋼,179,77.58
0622,L261735,C 類,已結案,OP-134,,製造,東昇,106,11.33
6月2日,L262183,A 類,合格,OP-129,,營運,捷欣,8,41.16
0616,L268270,其他,不合格,OP-136,,品保,大宏,89,78.66
2026/7/28,L261547,A 類,不合格,OP-147,,品保,力鋼,37,89.78
6月20日,L269066,A 類,待處理,OP-120,待確認,製造,東昇,198,27.74
2026/7/12,L261427,B 類,待處理,OP-138,已回報,資材,力鋼,16,69.58
2026/7/6,L265847,A 類,已結案,OP-108,,資材,順發,4,35.47
7月9日,L261573,A 類,合格,OP-113,,資材,東昇,69,23.77
0629,L262977,A 類,待處理,OP-147,已回報,製造,永利,148,78.05
2026/7/3,L260239,其他,已結案,OP-143,,製造,東昇,216,39.91
2026/6/12,L265366,B 類,不合格,OP-121,,品保,大宏,180,38.43
0707,L263256,C 類,不合格,OP-103,,製造,力鋼,70,61.19
0718,L268961,其他,已結案,OP-146,已回報,資材,永利,173,90.42
2026/7/17,L263795,A 類,,OP-102,待確認,資材,大宏,180,24.08
2026/7/21,L262453,A 類,,OP-145,,品保,東昇,109,46.11
7月25日,L264859,A 類,不合格,OP-110,待確認,品保,永利,219,58.63
0622,L260987,A 類,,OP-137,已回報,製造,東昇,172,12.99
7月20日,L264161,C 類,待處理,OP-114,,研發,永利,179,39.68
7月2日,L263749,A 類,合格,OP-119,已回報,研發,東昇,6,47.3
0729,L269261,其他,待處理,OP-138,待確認,品保,力鋼,83,21.72
7月26日,L269762,其他,已結案,OP-139,已回報,研發,順發,78,59.97
7月4日,L269477,B 類,已結案,OP-118,已回報,製造,捷欣,70,20.04
0620,L269330,A 類,待處理,OP-109,,資材,東昇,145,65.65
0726,L266659,B 類,待處理,OP-104,,研發,順發,136,20.1
6月26日,L262267,B 類,已結案,OP-114,,製造,力鋼,32,26.51
0629,L269122,C 類,不合格,OP-138,,品保,順發,73,34.61
7月21日,L261198,A 類,待處理,OP-146,,營運,順發,132,67.07
0726,L266780,其他,不合格,OP-101,,品保,東昇,191,64.2
2026/7/27,L268844,A 類,,OP-105,,資材,東昇,187,43.37
2026/6/16,L262817,B 類,,OP-148,,品保,力鋼,236,77.29
2026/7/21,L262326,其他,不合格,OP-146,待確認,品保,大宏,206,15.5
2026/7/26,L261361,C 類,待處理,OP-104,待確認,資材,順發,139,82.76
0616,L262849,A 類,待處理,OP-136,,研發,東昇,100,82.01
7月23日,L268452,C 類,,OP-124,,營運,順發,236,1.6
0626,L260277,其他,待處理,OP-108,,研發,捷欣,129,82.06
0721,L260216,其他,,OP-136,,資材,力鋼,151,44.09
0619,L268182,B 類,待處理,OP-101,待確認,製造,捷欣,142,64.67
7月18日,L264528,B 類,合格,OP-128,已回報,研發,大宏,70,28.91
2026/7/19,L261038,其他,不合格,OP-147,已回報,資材,力鋼,133,29.38
2026/6/10,L260893,B 類,合格,OP-129,,研發,順發,143,90.87
2026/6/7,L265869,B 類,,OP-125,待確認,資材,力鋼,135,36.95
2026/6/14,L264372,B 類,合格,OP-118,,資材,順發,188,53.19
2026/7/28,L265859,B 類,合格,OP-104,已回報,研發,東昇,195,25.34
0607,L262139,B 類,,OP-133,,品保,順發,24,50.49
0606,L269880,其他,,OP-117,,品保,順發,106,29.08
0730,L261675,A 類,待處理,OP-104,已回報,製造,捷欣,20,66.5
2026/6/24,L260349,其他,不合格,OP-121,,研發,永利,120,84.95
2026/7/21,L266061,其他,,OP-142,待確認,製造,大宏,113,15.25
0707,L261896,C 類,待處理,OP-142,,研發,捷欣,116,62.39
0703,L263829,其他,不合格,OP-143,,資材,順發,217,88.79
6月13日,L264150,B 類,已結案,OP-125,,資材,捷欣,130,91.84
7月27日,L263763,A 類,待處理,OP-103,待確認,製造,力鋼,179,52.7
2026/6/24,L260457,B 類,,OP-148,,研發,東昇,227,29.78
6月25日,L260280,其他,不合格,OP-143,待確認,資材,大宏,166,57.82
7月24日,L264679,C 類,不合格,OP-107,,品保,順發,121,80.01
6月27日,L261813,B 類,不合格,OP-135,待確認,製造,順發,159,33.48
6月3日,L269989,B 類,,OP-141,待確認,品保,捷欣,180,13.95
6月8日,L269116,其他,合格,OP-101,,營運,大宏,147,59.02
2026/6/14,L265490,其他,不合格,OP-109,,製造,捷欣,100,35.89
0618,L262886,C 類,不合格,OP-132,,資材,東昇,160,36.43
0607,L262367,A 類,,OP-128,,資材,大宏,115,81.48
6月3日,L265735,A 類,已結案,OP-143,,資材,永利,173,75.71
0616,L266898,B 類,合格,OP-126,,品保,東昇,129,85.84
0623,L268794,其他,已結案,OP-128,,營運,永利,101,68.63
2026/7/10,L265895,C 類,已結案,OP-103,已回報,資材,捷欣,200,40.13
6月6日,L264812,C 類,已結案,OP-103,已回報,製造,順發,94,88.08
6月13日,L264843,其他,,OP-116,已回報,資材,順發,239,2.96
6月6日,L263522,C 類,,OP-123,,研發,東昇,156,55.67
6月18日,L264754,C 類,,OP-126,已回報,營運,東昇,221,97.94
2026/6/3,L265646,B 類,,OP-110,,營運,順發,187,43.3
2026/7/22,L262861,A 類,待處理,OP-129,,製造,捷欣,136,75.95
6月1日,L268447,C 類,合格,OP-142,,品保,東昇,94,35.24
2026/6/27,L268748,其他,合格,OP-143,,資材,力鋼,182,41.75
0601,L260132,B 類,,OP-137,已回報,製造,順發,16,10.39
0617,L263693,B 類,已結案,OP-139,已回報,品保,捷欣,84,9.51
0726,L266766,其他,不合格,OP-125,已回報,品保,捷欣,196,12.28
7月2日,L268469,其他,不合格,OP-109,,營運,力鋼,135,31.36
0725,L268196,A 類,已結案,OP-113,已回報,資材,力鋼,195,18.73
2026/6/28,L266935,其他,不合格,OP-132,,研發,順發,69,80.06
7月1日,L265418,B 類,不合格,OP-134,待確認,資材,永利,9,76.56
0614,L264194,C 類,不合格,OP-130,,資材,力鋼,99,75.29
0601,L260468,C 類,,OP-116,,品保,捷欣,238,76.92
0625,L260693,B 類,合格,OP-137,,資材,順發,146,79.45
2026/7/5,L263877,其他,,OP-124,,資材,順發,25,42.45
7月13日,L268259,B 類,合格,OP-126,,製造,力鋼,185,37.56
0615,L265484,其他,,OP-142,,資材,力鋼,140,11.59
2026/6/15,L262747,A 類,,OP-103,,研發,順發,12,63.78
7月21日,L261264,B 類,,OP-116,,資材,順發,26,7.05
6月25日,L261346,其他,合格,OP-116,,研發,捷欣,193,78.0
7月30日,L262878,其他,合格,OP-122,待確認,製造,順發,59,11.17
0605,L264983,A 類,已結案,OP-135,待確認,品保,順發,176,39.92
6月23日,L260653,A 類,已結案,OP-139,,營運,捷欣,168,28.14
0606,L268368,A 類,已結案,OP-147,已回報,製造,大宏,90,6.38
2026/6/21,L268917,C 類,已結案,OP-146,,資材,順發,141,79.39
2026/6/4,L266062,B 類,已結案,OP-140,待確認,品保,永利,148,62.69
0601,L269649,C 類,已結案,OP-144,已回報,營運,永利,15,64.38
0722,L263124,C 類,已結案,OP-113,待確認,品保,大宏,225,58.07
6月3日,L263535,A 類,,OP-133,,研發,捷欣,38,74.05
2026/7/28,L261032,C 類,,OP-104,已回報,製造,大宏,214,62.79
2026/7/13,L262690,其他,不合格,OP-116,,資材,東昇,155,83.69
0604,L260513,A 類,待處理,OP-126,待確認,資材,大宏,102,81.68
2026/7/23,L268788,其他,不合格,OP-133,已回報,品保,順發,130,43.99
7月23日,L260469,A 類,已結案,OP-140,已回報,資材,順發,61,31.5
2026/6/3,L269930,A 類,已結案,OP-112,已回報,研發,永利,78,19.41
2026/6/29,L268563,C 類,已結案,OP-145,,資材,捷欣,114,32.57
6月25日,L264348,A 類,待處理,OP-123,,研發,順發,52,53.32
0725,L268062,A 類,,OP-130,已回報,資材,永利,104,32.73
0611,L260311,A 類,不合格,OP-147,,資材,力鋼,95,70.16
6月25日,L268524,C 類,已結案,OP-139,,資材,順發,162,39.37
2026/7/26,L262858,其他,不合格,OP-108,待確認,資材,順發,157,61.65
6月25日,L269047,其他,,OP-111,,研發,大宏,35,58.62
6月9日,L265883,C 類,合格,OP-108,已回報,品保,力鋼,203,5.21
2026/6/7,L265242,A 類,合格,OP-122,,營運,順發,9,66.49
0714,L269088,C 類,待處理,OP-110,已回報,品保,順發,7,84.0
2026/6/24,L261345,A 類,不合格,OP-144,,營運,大宏,208,12.57
7月28日,L261570,A 類,待處理,OP-114,,研發,力鋼,180,65.2
0706,L266262,A 類,已結案,OP-138,已回報,營運,捷欣,73,33.32
6月14日,L265765,其他,合格,OP-145,,資材,永利,174,8.65
2026/6/11,L261226,其他,待處理,OP-115,,品保,大宏,53,63.18
0627,L263164,其他,不合格,OP-135,已回報,資材,永利,153,49.16
0705,L268260,其他,,OP-128,,品保,大宏,21,66.67
2026/6/24,L267359,B 類,,OP-146,,資材,力鋼,177,89.92
0629,L267519,A 類,已結案,OP-136,,研發,順發,126,53.5
2026/6/23,L264597,C 類,,OP-104,,營運,捷欣,197,0.77
2026/6/2,L263577,A 類,待處理,OP-147,,研發,捷欣,88,96.53
2026/6/11,L260427,B 類,已結案,OP-117,已回報,製造,永利,34,43.93
0615,L262196,B 類,已結案,OP-135,,研發,東昇,229,62.77
2026/6/19,L260330,B 類,,OP-147,待確認,營運,東昇,204,82.67
0714,L269492,A 類,,OP-143,待確認,資材,順發,174,74.58
0714,L264586,A 類,合格,OP-114,,製造,大宏,97,90.95
0609,L267823,B 類,,OP-118,已回報,營運,捷欣,83,13.05
0716,L260532,C 類,不合格,OP-127,已回報,品保,順發,211,26.69
2026/7/12,L269764,其他,不合格,OP-135,,品保,順發,98,59.42
2026/7/7,L268146,B 類,合格,OP-134,,製造,順發,182,97.16
2026/6/9,L260278,B 類,已結案,OP-116,待確認,資材,大宏,176,31.88
2026/6/20,L268084,其他,,OP-131,,資材,捷欣,36,46.9
0730,L263362,B 類,合格,OP-126,,品保,東昇,128,38.25
2026/6/17,L265259,C 類,合格,OP-146,,營運,東昇,11,75.75
7月15日,L266118,B 類,不合格,OP-132,已回報,品保,順發,74,26.76
6月29日,L267373,A 類,合格,OP-106,已回報,營運,東昇,184,81.81
0623,L269396,A 類,不合格,OP-139,,營運,永利,84,43.0
7月6日,L262965,A 類,待處理,OP-115,已回報,研發,東昇,72,26.54
6月4日,L268050,其他,待處理,OP-102,,營運,捷欣,216,13.46
2026/6/19,L262997,C 類,,OP-121,,資材,順發,212,94.89
2026/6/24,L262078,A 類,已結案,OP-134,已回報,品保,永利,106,47.86
2026/6/9,L262597,B 類,,OP-130,,研發,順發,166,6.93
7月20日,L261749,其他,合格,OP-146,,製造,力鋼,61,73.09
0723,L260868,其他,已結案,OP-125,,資材,捷欣,238,73.0
6月2日,L267571,C 類,不合格,OP-142,,資材,大宏,206,22.51
0713,L268845,其他,不合格,OP-104,,品保,大宏,204,66.82
2026/7/27,L268669,其他,,OP-107,已回報,製造,大宏,150,28.5
2026/7/26,L262672,其他,,OP-118,,品保,東昇,112,15.52
6月16日,L267395,A 類,不合格,OP-146,已回報,研發,捷欣,201,63.02
0728,L264881,C 類,,OP-122,已回報,研發,大宏,74,28.03
7月28日,L266690,其他,不合格,OP-112,,資材,永利,152,52.76
0713,L269618,C 類,已結案,OP-108,已回報,資材,捷欣,117,40.19
2026/6/21,L269080,其他,合格,OP-125,,資材,力鋼,186,48.03
0711,L269775,A 類,,OP-134,,研發,捷欣,157,75.33
0625,L261129,B 類,,OP-121,,資材,順發,110,9.32
7月18日,L263222,其他,合格,OP-123,,營運,大宏,188,87.48
6月12日,L262577,其他,合格,OP-141,已回報,製造,東昇,31,6.47
0702,L260210,B 類,合格,OP-111,,品保,永利,134,97.56
6月23日,L265153,A 類,已結案,OP-113,,資材,大宏,56,97.66
2026/6/29,L269115,A 類,,OP-117,已回報,資材,順發,193,76.27
0610,L266392,C 類,不合格,OP-138,待確認,研發,力鋼,88,70.27
0621,L266876,A 類,,OP-132,,研發,東昇,151,96.46
2026/6/23,L260423,C 類,待處理,OP-146,,資材,捷欣,231,81.06
6月14日,L261088,B 類,待處理,OP-127,待確認,營運,力鋼,152,51.77
0706,L267832,C 類,不合格,OP-109,,營運,捷欣,127,25.81
6月9日,L260578,C 類,,OP-121,,品保,捷欣,206,59.02
7月21日,L262092,其他,不合格,OP-106,待確認,資材,捷欣,131,56.4
0723,L264149,其他,不合格,OP-120,,資材,大宏,85,11.0
0629,L269020,A 類,待處理,OP-148,,資材,順發,41,90.23
7月27日,L260423,其他,合格,OP-130,,品保,順發,51,58.75
0728,L267759,其他,已結案,OP-125,,研發,東昇,92,95.33
2026/7/22,L269875,B 類,不合格,OP-139,,品保,捷欣,111,62.17
6月16日,L265525,A 類,,OP-109,,製造,力鋼,153,41.39
0715,L268637,其他,,OP-117,,資材,大宏,139,78.63
2026/6/3,L268073,B 類,,OP-126,,資材,力鋼,219,39.72
6月22日,L260066,其他,合格,OP-147,已回報,資材,永利,25,34.16
2026/6/11,L265257,其他,,OP-103,已回報,製造,東昇,170,15.42
0726,L260824,B 類,不合格,OP-136,,品保,順發,73,72.53
2026/6/25,L262844,C 類,合格,OP-140,已回報,品保,大宏,125,5.19
7月8日,L264351,其他,合格,OP-130,,製造,永利,143,53.05
0615,L261018,其他,,OP-144,,資材,力鋼,219,9.15
2026/6/12,L260643,A 類,合格,OP-133,已回報,營運,永利,46,54.7
7月24日,L269013,C 類,,OP-115,待確認,營運,永利,106,31.69
6月23日,L265719,A 類,,OP-121,,研發,東昇,115,33.9
6月11日,L263073,C 類,,OP-107,,製造,捷欣,52,18.08
6月17日,L264023,A 類,合格,OP-120,,品保,永利,5,71.52
0618,L261023,C 類,待處理,OP-129,,製造,永利,3,96.19
0618,L267677,C 類,不合格,OP-121,,資材,力鋼,164,60.35
0610,L260854,B 類,合格,OP-115,,營運,力鋼,15,86.91
0710,L261229,其他,,OP-101,,研發,永利,120,24.17
6月1日,L265684,B 類,待處理,OP-117,待確認,資材,永利,205,30.71
0701,L264766,其他,合格,OP-123,,營運,捷欣,38,31.86
0723,L262411,A 類,待處理,OP-108,待確認,品保,順發,165,29.05
7月20日,L269065,C 類,已結案,OP-119,,製造,永利,179,2.28
6月10日,L264350,其他,合格,OP-107,待確認,品保,大宏,51,72.35
2026/7/14,L262599,其他,不合格,OP-111,,品保,力鋼,31,53.78
2026/7/8,L268455,B 類,不合格,OP-142,已回報,營運,捷欣,216,95.34
7月2日,L262417,C 類,待處理,OP-142,,研發,力鋼,14,25.47
2026/6/7,L260058,A 類,不合格,OP-110,,製造,順發,39,25.12
7月23日,L266468,A 類,合格,OP-144,,資材,東昇,74,32.76
0724,L269183,A 類,不合格,OP-122,,品保,捷欣,175,68.0
0707,L269745,B 類,合格,OP-139,,研發,東昇,34,81.8
0708,L265125,其他,待處理,OP-129,待確認,品保,東昇,22,85.64
0623,L267487,C 類,合格,OP-148,,研發,力鋼,162,44.15
7月27日,L267378,B 類,合格,OP-113,,營運,力鋼,205,0.8
2026/7/30,L265875,B 類,待處理,OP-104,,製造,大宏,118,61.7
2026/6/13,L269847,B 類,合格,OP-148,待確認,研發,東昇,122,46.57
0710,L265443,A 類,待處理,OP-138,,製造,東昇,69,43.8
0713,L264813,其他,已結案,OP-135,,資材,捷欣,85,5.13
6月6日,L260571,B 類,,OP-109,待確認,資材,力鋼,154,82.61
7月17日,L263769,其他,,OP-133,已回報,品保,力鋼,189,8.92
0621,L265838,B 類,,OP-137,,資材,捷欣,92,45.62
2026/7/5,L261440,其他,,OP-137,,研發,大宏,6,0.82
2026/7/4,L261243,C 類,,OP-144,,資材,永利,163,79.2
6月28日,L267942,其他,,OP-135,,資材,順發,77,4.31
6月7日,L269833,C 類,待處理,OP-112,,品保,大宏,175,58.33
6月10日,L261857,B 類,待處理,OP-114,待確認,品保,順發,208,80.13
2026/7/8,L264217,其他,已結案,OP-117,已回報,資材,順發,197,5.98
2026/6/11,L260982,C 類,不合格,OP-131,,資材,順發,69,63.93
7月20日,L263880,C 類,合格,OP-113,,品保,永利,100.0,16.12
2026/6/21,L266177,B 類,,OP-120,,資材,東昇,206,61.66
2026/7/15,L262297,A 類,已結案,OP-146,,資材,順發,72,68.75
0628,L264055,C 類,,OP-108,待確認,營運,力鋼,235,58.49
7月17日,L261449,B 類,已結案,OP-114,,研發,捷欣,239,41.34
6月30日,L260866,B 類,,OP-109,,資材,力鋼,225,97.21
0603,L268095,C 類,,OP-133,待確認,研發,大宏,32,26.12
0718,L260636,其他,不合格,OP-110,,研發,捷欣,194,47.85
6月9日,L262329,C 類,合格,OP-141,待確認,製造,東昇,120,64.92
2026/7/7,L261921,A 類,待處理,OP-133,已回報,品保,捷欣,123,78.61
0630,L263128,其他,已結案,OP-126,,營運,大宏,135,49.46
6月24日,L264388,A 類,不合格,OP-122,,資材,力鋼,9,33.48
6月28日,L266043,其他,已結案,OP-108,,製造,捷欣,42,65.06
0728,L265630,A 類,不合格,OP-119,,品保,永利,158,49.56
7月14日,L267050,B 類,不合格,OP-144,已回報,營運,順發,89,90.41
7月16日,L264190,A 類,,OP-115,,研發,大宏,208,32.01
2026/7/6,L262133,其他,待處理,OP-125,,製造,順發,147,26.53
6月23日,L267699,B 類,待處理,OP-106,已回報,營運,力鋼,161,54.58
0704,L261869,其他,待處理,OP-111,待確認,製造,大宏,20,61.86
0722,L264610,B 類,,OP-111,待確認,品保,東昇,58,19.27
2026/7/5,L268252,A 類,合格,OP-136,已回報,營運,永利,231,26.37
7月16日,L260046,其他,,OP-129,,製造,順發,191,70.98
2026/7/12,L267333,A 類,已結案,OP-109,,品保,大宏,160,60.28
0619,L262278,B 類,合格,OP-113,已回報,研發,永利,74,56.42
2026/6/25,L267240,A 類,待處理,OP-134,已回報,營運,捷欣,153,93.69
6月7日,L267828,A 類,不合格,OP-135,待確認,研發,永利,202,55.14
0713,L267267,B 類,不合格,OP-143,待確認,品保,順發,181,61.27
0614,L262488,C 類,待處理,OP-129,待確認,品保,大宏,77,26.75
2026/6/17,L263953,其他,不合格,OP-110,,品保,力鋼,111,41.67
2026/6/25,L267145,C 類,合格,OP-125,已回報,研發,力鋼,177,74.04
2026/6/9,L266626,B 類,合格,OP-105,,品保,永利,205,93.64
0605,L268572,B 類,合格,OP-136,,研發,大宏,80,32.27
2026/6/15,L264424,C 類,,OP-107,待確認,資材,力鋼,61,10.23
2026/6/18,L269336,B 類,待處理,OP-136,已回報,營運,力鋼,121,91.13
0626,L267254,A 類,待處理,OP-129,待確認,研發,東昇,195,13.26
2026/6/30,L264171,B 類,,OP-135,,營運,大宏,148,19.01
0625,L266357,A 類,合格,OP-130,,研發,力鋼,60,67.83
2026/6/25,L268761,其他,不合格,OP-133,,營運,捷欣,160,78.32
7月23日,L265987,C 類,不合格,OP-117,,營運,捷欣,90,67.73
2026/6/15,L266481,B 類,不合格,OP-145,已回報,製造,捷欣,105,23.98
7月11日,L265466,C 類,,OP-128,已回報,營運,大宏,4,10.79
6月30日,L262611,其他,,OP-123,已回報,品保,捷欣,179,87.59
0715,L260228,C 類,,OP-108,,營運,永利,86,21.46
6月20日,L267383,B 類,已結案,OP-104,已回報,品保,捷欣,214,43.34
7月24日,L266273,A 類,不合格,OP-137,待確認,營運,永利,183,39.73
2026/6/17,L261679,B 類,不合格,OP-128,待確認,品保,大宏,222,63.04
6月8日,L269474,C 類,合格,OP-127,待確認,資材,力鋼,112,58.17
0609,L269444,A 類,合格,OP-113,待確認,品保,大宏,135,35.72
2026/7/27,L269163,其他,合格,OP-115,已回報,營運,順發,202,61.07
0701,L267167,其他,已結案,OP-122,,資材,東昇,160,61.63
0716,L267949,其他,不合格,OP-122,已回報,營運,永利,101,63.24
2026/7/4,L262088,B 類,已結案,OP-101,已回報,品保,東昇,136,77.73
7月27日,L264094,A 類,合格,OP-101,待確認,研發,力鋼,235,82.99
0713,L260148,B 類,已結案,OP-134,,研發,永利,166,45.59
2026/7/13,L265194,A 類,,OP-118,,品保,永利,186,93.37
2026/6/7,L264640,其他,已結案,OP-101,,資材,力鋼,172,26.88
2026/7/11,L262217,A 類,,OP-128,,品保,永利,82,7.53
2026/6/16,L267246,B 類,合格,OP-128,已回報,製造,順發,68,51.27
0717,L267292,其他,不合格,OP-126,,研發,力鋼,90,78.92
2026/7/18,L269716,A 類,已結案,OP-142,待確認,營運,順發,223,59.9
0709,L265874,其他,,OP-120,,品保,捷欣,200,71.92
6月1日,L261289,C 類,待處理,OP-148,已回報,營運,東昇,228,48.01
0707,L268387,A 類,合格,OP-112,,研發,東昇,171,8.11
2026/7/27,L261598,C 類,待處理,OP-136,已回報,品保,大宏,81,41.82
6月18日,L265792,C 類,待處理,OP-140,,製造,力鋼,129,74.46
2026/6/19,L264071,C 類,合格,OP-130,已回報,品保,順發,128,59.57
7月14日,L263039,A 類,,OP-138,,資材,大宏,70,97.91
6月25日,L265211,B 類,,OP-136,待確認,營運,永利,176,72.11
0617,L261442,C 類,,OP-123,,製造,力鋼,232,46.71
0610,L267736,A 類,,OP-121,,製造,東昇,190,21.91
6月6日,L260743,其他,合格,OP-125,,營運,捷欣,235,8.2
0719,L264649,A 類,,OP-112,,營運,捷欣,5,32.87
0623,L260731,其他,已結案,OP-109,,研發,順發,112,51.56
0706,L263221,A 類,待處理,OP-142,已回報,品保,捷欣,68,88.19
0624,L267816,其他,待處理,OP-142,,營運,捷欣,22,90.13
0622,L260729,其他,待處理,OP-118,已回報,營運,順發,74,48.05
2026/6/27,L260999,A 類,已結案,OP-124,,研發,捷欣,138,57.97
7月14日,L260693,A 類,已結案,OP-109,,製造,捷欣,152,45.88
0614,L265442,其他,合格,OP-145,已回報,品保,捷欣,115,50.51
0601,L269165,其他,已結案,OP-118,,製造,大宏,19,65.96
0714,L268352,A 類,不合格,OP-129,已回報,製造,捷欣,75,81.94
7月27日,L269188,C 類,合格,OP-127,,資材,東昇,219,27.07
2026/6/1,L262874,其他,已結案,OP-102,已回報,研發,永利,102,30.77
0611,L261067,其他,待處理,OP-142,,品保,大宏,71,90.41
2026/6/6,L262729,其他,已結案,OP-109,已回報,品保,永利,224,40.11
2026/7/4,L263522,其他,待處理,OP-112,待確認,品保,東昇,218,14.22
6月19日,L267264,C 類,待處理,OP-145,,品保,力鋼,193,20.68
2026/7/28,L267016,C 類,,OP-102,已回報,研發,順發,73,82.69
0710,L267676,B 類,,OP-114,已回報,品保,東昇,32,76.78
0615,L261945,C 類,,OP-147,已回報,品保,力鋼,208,34.74
0622,L266110,A 類,待處理,OP-108,已回報,資材,東昇,42,68.47
0604,L267097,A 類,待處理,OP-125,已回報,製造,順發,140,22.97
0710,L262621,其他,,OP-111,,資材,東昇,126,13.19
0621,L264910,B 類,,OP-123,待確認,研發,順發,233,11.86
2026/6/11,L260755,B 類,待處理,OP-140,,品保,捷欣,47,51.47
7月5日,L264280,C 類,已結案,OP-144,,營運,順發,158,52.12
0730,L260748,A 類,不合格,OP-142,待確認,製造,永利,22,19.6
6月21日,L264630,其他,,OP-104,,資材,順發,107,34.61
0628,L260310,C 類,已結案,OP-131,,品保,捷欣,102,22.87
0628,L265514,C 類,合格,OP-136,待確認,品保,永利,59,50.07
2026/7/12,L264015,B 類,不合格,OP-110,待確認,研發,捷欣,59,97.55
2026/7/12,L269981,B 類,合格,OP-102,,研發,順發,232,66.75
6月15日,L267448,其他,待處理,OP-137,,研發,東昇,202,69.56
7月1日,L263538,其他,,OP-138,已回報,品保,永利,194,2.5
6月13日,L266059,C 類,不合格,OP-114,,品保,大宏,42,1.87
7月16日,L261413,B 類,待處理,OP-134,待確認,製造,大宏,68,27.89
7月26日,L262081,C 類,,OP-107,,資材,力鋼,233,38.75
0724,L266837,其他,不合格,OP-111,,製造,大宏,164,54.86
2026/7/16,L260450,B 類,待處理,OP-146,,資材,大宏,63,81.29
7月15日,L263753,A 類,已結案,OP-147,待確認,品保,永利,191,94.13
2026/6/29,L266255,A 類,,OP-131,待確認,製造,大宏,39,4.03
7月13日,L263150,C 類,合格,OP-131,已回報,製造,順發,228,84.08
7月13日,L265955,B 類,不合格,OP-101,待確認,研發,東昇,205,30.51
2026/7/26,L264444,B 類,,OP-107,,資材,東昇,219,46.41
2026/6/10,L261420,其他,,OP-101,已回報,營運,永利,118,71.89
2026/6/20,L261281,B 類,不合格,OP-101,已回報,營運,順發,214,41.07
0606,L262646,B 類,待處理,OP-135,待確認,製造,順發,11,86.92
7月13日,L264490,其他,不合格,OP-135,,品保,大宏,223,70.14
6月2日,L261168,C 類,,OP-112,,研發,順發,39,87.1
0727,L263612,B 類,合格,OP-136,,製造,東昇,151,74.5
2026/7/11,L260583,C 類,不合格,OP-142,已回報,營運,力鋼,239,85.69
2026/7/15,L265776,C 類,不合格,OP-128,,資材,捷欣,39,32.2
2026/6/15,L264495,其他,合格,OP-130,,營運,捷欣,48,55.47
0705,L268322,其他,,OP-123,待確認,資材,力鋼,227,17.36
0712,L265593,B 類,不合格,OP-144,,資材,順發,193,4.54
0626,L261212,其他,已結案,OP-103,待確認,研發,永利,188,56.71
7月17日,L266247,C 類,不合格,OP-148,,營運,捷欣,176,76.0
7月3日,L268123,B 類,不合格,OP-102,,營運,東昇,238,13.38
0622,L264079,A 類,待處理,OP-111,,資材,捷欣,70,2.83
6月11日,L262655,A 類,,OP-128,,研發,永利,7,27.33
2026/6/24,L265563,其他,,OP-113,已回報,資材,力鋼,94,23.22
2026/7/30,L260814,其他,已結案,OP-105,已回報,品保,順發,132,65.62
0610,L264689,A 類,已結案,OP-139,已回報,製造,永利,161,80.56
2026/6/15,L260053,A 類,不合格,OP-112,,營運,永利,24,17.64
2026/6/6,L263887,其他,已結案,OP-106,已回報,營運,力鋼,190,86.93
2026/7/1,L262465,B 類,不合格,OP-124,,品保,力鋼,112,58.55
2026/7/24,L267592,C 類,,OP-141,,資材,永利,96,87.22
6月20日,L267716,其他,,OP-132,,品保,順發,153,15.97
6月6日,L265492,C 類,已結案,OP-112,已回報,營運,東昇,69,79.63
0607,L265771,A 類,,OP-144,待確認,研發,力鋼,174,35.57
6月30日,L263371,A 類,待處理,OP-110,待確認,品保,捷欣,214,25.78
6月20日,L263056,其他,不合格,OP-111,,營運,大宏,59,29.65
2026/6/24,L265154,A 類,,OP-130,已回報,資材,東昇,145,21.22
0716,L269451,A 類,不合格,OP-147,,資材,力鋼,193,25.07
0624,L266238,B 類,待處理,OP-107,待確認,營運,順發,7,91.7
0723,L268989,其他,已結案,OP-139,,製造,捷欣,183,92.63
7月22日,L265773,其他,待處理,OP-104,待確認,製造,永利,44,69.35
6月9日,L266237,B 類,待處理,OP-143,,資材,永利,30,47.39
2026/6/15,L265375,C 類,,OP-125,,資材,永利,232,90.86
2026/6/9,L268652,C 類,已結案,OP-116,待確認,資材,力鋼,63,4.6
0625,L267558,其他,,OP-142,,研發,力鋼,111,88.22
6月28日,L268686,B 類,合格,OP-130,待確認,營運,捷欣,206,82.79
2026/7/6,L269511,C 類,不合格,OP-147,,品保,大宏,64,46.2
0705,L263641,A 類,待處理,OP-116,,研發,力鋼,218,24.91
0704,L268242,C 類,待處理,OP-138,待確認,營運,東昇,20,83.23
0714,L263311,其他,,OP-132,已回報,研發,捷欣,128,6.37
0620,L266123,A 類,已結案,OP-110,待確認,製造,大宏,168,55.58
2026/7/6,L261828,其他,,OP-108,待確認,品保,永利,191,81.17
6月3日,L263818,其他,待處理,OP-120,,資材,力鋼,221,1.58
0704,L265231,C 類,已結案,OP-115,,資材,永利,17,55.61
0621,L266967,其他,待處理,OP-127,待確認,營運,東昇,1,67.54
0730,L268811,B 類,已結案,OP-104,,資材,力鋼,189,5.98
2026/7/3,L267610,C 類,,OP-130,已回報,研發,力鋼,48,18.35
2026/7/25,L262984,C 類,合格,OP-137,,品保,捷欣,167,28.51
0608,L260688,A 類,合格,OP-127,待確認,營運,東昇,193,65.39
2026/7/6,L260811,C 類,待處理,OP-123,已回報,資材,捷欣,144,35.32
0721,L261055,A 類,待處理,OP-103,已回報,營運,大宏,168,81.53
0701,L269526,其他,,OP-114,,品保,力鋼,6,34.8
2026/7/8,L261613,C 類,,OP-137,,品保,順發,239,5.15
0721,L260718,C 類,合格,OP-107,,營運,順發,99,94.47
0630,L264498,C 類,不合格,OP-131,待確認,品保,東昇,137,32.4
2026/6/15,L269966,其他,,OP-130,,品保,大宏,111,62.17
0615,L262942,B 類,,OP-125,,研發,力鋼,50,38.8
2026/7/10,L261341,B 類,,OP-132,,製造,大宏,102,60.78
6月8日,L268961,C 類,已結案,OP-106,,營運,永利,182,40.79
0720,L260110,B 類,合格,OP-110,,品保,永利,1,62.57
7月16日,L260746,B 類,,OP-145,,品保,永利,135,5.62
0722,L265928,B 類,,OP-132,,品保,捷欣,50,24.56
2026/6/27,L264130,A 類,合格,OP-125,已回報,資材,大宏,218,9.34
2026/6/5,L264060,A 類,合格,OP-117,,資材,東昇,5,2.5
2026/7/19,L263775,C 類,不合格,OP-109,,資材,永利,171,21.65
7月18日,L268825,其他,合格,OP-112,已回報,研發,永利,40,20.5
6月2日,L262567,C 類,待處理,OP-127,,資材,力鋼,96,13.12
6月3日,L260058,A 類,待處理,OP-111,,製造,永利,68,55.08
2026/6/29,L263257,B 類,,OP-134,,資材,大宏,135,49.04
6月15日,L267877,A 類,,OP-128,,營運,永利,116,53.04
2026/7/12,L266872,B 類,不合格,OP-136,,資材,永利,12,56.01
6月1日,L260133,C 類,不合格,OP-105,已回報,資材,力鋼,36,20.28
0706,L264518,B 類,,OP-144,,營運,東昇,40,34.0
2026/7/1,L260818,其他,合格,OP-105,待確認,品保,捷欣,131,5.6
2026/6/2,L261626,A 類,已結案,OP-106,,營運,捷欣,171,1.89
0623,L261122,B 類,不合格,OP-118,,製造,東昇,159,39.83
0620,L265149,A 類,已結案,OP-142,,品保,捷欣,105,14.27
6月1日,L269062,A 類,不合格,OP-141,,品保,東昇,186,45.13
2026/7/13,L267864,其他,不合格,OP-125,,營運,東昇,110,4.38
0620,L262650,其他,合格,OP-141,,營運,順發,5,10.52
0607,L263275,B 類,不合格,OP-123,已回報,製造,捷欣,137,30.07
0604,L263839,其他,,OP-129,,資材,永利,99,20.57
7月24日,L264917,其他,,OP-129,,資材,捷欣,60,35.14
6月23日,L261595,C 類,合格,OP-125,,研發,東昇,207,8.38
6月25日,L264655,A 類,待處理,OP-138,,營運,捷欣,19,40.09
2026/6/13,L269366,B 類,,OP-113,,營運,東昇,141,15.61
6月30日,L265238,A 類,不合格,OP-113,待確認,營運,東昇,217,35.31
0609,L262715,A 類,待處理,OP-104,,資材,永利,19,34.5
0701,L267566,其他,已結案,OP-120,,品保,捷欣,4,66.5
7月12日,L267768,其他,不合格,OP-121,,資材,力鋼,126,70.96
6月14日,L263990,其他,待處理,OP-142,待確認,品保,東昇,193,79.99
0713,L268458,B 類,不合格,OP-136,,研發,順發,18,89.06
2026/7/24,L269162,C 類,,OP-140,,品保,捷欣,195,28.2
7月29日,L265755,其他,合格,OP-105,已回報,營運,力鋼,167,37.63
6月24日,L261976,B 類,合格,OP-105,待確認,資材,力鋼,6,6.37
0629,L264987,B 類,已結案,OP-127,,製造,捷欣,112,26.13
6月19日,L263187,B 類,,OP-107,,品保,力鋼,31,23.37
0625,L262385,其他,,OP-117,已回報,製造,捷欣,29,16.35
2026/6/10,L265075,其他,合格,OP-130,已回報,品保,永利,216,23.03
6月18日,L263481,B 類,待處理,OP-136,,品保,大宏,108,58.33
2026/7/24,L268360,A 類,不合格,OP-119,,研發,順發,95,11.05
2026/7/25,L263646,C 類,不合格,OP-128,已回報,研發,捷欣,193,15.86
6月30日,L260553,A 類,待處理,OP-147,待確認,製造,力鋼,58,41.16
2026/7/30,L261170,A 類,待處理,OP-138,,資材,永利,227,62.21
0723,L261892,B 類,已結案,OP-120,,製造,大宏,132,20.63
2026/7/15,L263457,C 類,待處理,OP-135,,製造,順發,152,2.51
6月8日,L266894,A 類,不合格,OP-117,已回報,資材,大宏,76,33.03
2026/7/21,L266831,A 類,,OP-127,待確認,營運,力鋼,66,4.44
7月30日,L263717,A 類,,OP-128,,研發,順發,22,96.21
2026/7/5,L269136,C 類,,OP-127,已回報,資材,大宏,214,79.33
6月17日,L262736,C 類,已結案,OP-122,,營運,東昇,15,5.28
7月17日,L263749,B 類,,OP-123,待確認,製造,力鋼,202,53.61
7月3日,L266451,B 類,,OP-146,已回報,營運,順發,37,71.93
7月26日,L268078,B 類,,OP-144,,製造,順發,10,79.48
0717,L267567,B 類,合格,OP-117,已回報,製造,捷欣,183,71.2
7月16日,L264010,B 類,,OP-101,,製造,永利,229,23.68
7月19日,L265569,C 類,,OP-125,,資材,大宏,170,58.09
0719,L264428,A 類,,OP-139,待確認,製造,東昇,207,75.09
6月18日,L269623,B 類,,OP-132,,製造,東昇,86,51.08
0706,L265039,C 類,合格,OP-130,,品保,捷欣,230,60.55
2026/7/22,L262699,C 類,不合格,OP-127,已回報,製造,捷欣,169,95.51
0730,L263482,A 類,,OP-104,,研發,永利,200,11.21
0608,L263458,C 類,待處理,OP-111,待確認,營運,順發,234,11.69
2026/6/22,L269586,C 類,,OP-141,已回報,品保,順發,229,84.42
2026/6/1,L268813,其他,已結案,OP-139,待確認,資材,永利,52,87.36
6月12日,L268426,C 類,合格,OP-137,,製造,大宏,196,93.65
7月23日,L262352,C 類,不合格,OP-140,,營運,力鋼,6,65.53
0629,L265010,A 類,已結案,OP-123,,營運,順發,25,15.68
0604,L266021,C 類,待處理,OP-132,,資材,捷欣,74,94.45
7月9日,L263985,A 類,合格,OP-117,,品保,力鋼,51,56.69
0610,L267478,C 類,,OP-143,,資材,力鋼,216,75.41
7月29日,L269529,B 類,已結案,OP-110,,品保,東昇,133,69.0
2026/6/5,L268092,其他,,OP-114,已回報,研發,力鋼,103,19.31
7月30日,L266444,其他,已結案,OP-145,,製造,永利,96,19.17
2026/6/16,L268826,C 類,,OP-126,已回報,營運,東昇,169,75.19
0616,L266168,B 類,待處理,OP-146,已回報,研發,捷欣,223,35.61
0721,L266582,B 類,已結案,OP-102,,營運,東昇,35,6.19
6月10日,L269135,A 類,已結案,OP-147,已回報,研發,力鋼,26,59.19
2026/6/2,L263240,A 類,已結案,OP-138,已回報,製造,力鋼,81,29.81
0730,L268038,C 類,已結案,OP-147,,製造,順發,116,66.47
0630,L268710,其他,不合格,OP-146,,研發,順發,227,74.67
6月21日,L264590,A 類,,OP-133,,研發,東昇,212,17.62
2026/7/30,L260498,B 類,已結案,OP-125,已回報,資材,大宏,73,50.21
0603,L263975,C 類,,OP-137,,品保,順發,52,39.88
0612,L261472,其他,,OP-105,,營運,永利,238,91.33
0709,L267321,B 類,,OP-130,,資材,捷欣,226,23.07
2026/7/26,L267068,其他,待處理,OP-101,,品保,力鋼,102,59.87
2026/7/3,L268069,其他,,OP-134,待確認,製造,力鋼,138,20.47
7月10日,L266036,C 類,已結案,OP-108,,營運,大宏,199,3.78
6月10日,L266430,其他,,OP-125,,資材,順發,118,16.11
0706,L265161,A 類,待處理,OP-110,,資材,東昇,203,37.63
7月21日,L260239,C 類,,OP-101,,營運,東昇,60,40.68
7月14日,L267050,B 類,,OP-141,待確認,資材,力鋼,163,43.91
0722,L261961,B 類,不合格,OP-128,待確認,製造,大宏,238,40.19
2026/6/6,L262161,其他,不合格,OP-106,,資材,順發,107,15.07
7月27日,L268051,A 類,合格,OP-125,,製造,捷欣,210,11.69
6月30日,L266357,其他,已結案,OP-138,,製造,永利,220,97.21
2026/7/5,L268737,C 類,已結案,OP-122,已回報,品保,順發,78,1.36
2026/7/5,L261277,B 類,,OP-132,,研發,順發,212,27.6
2026/7/10,L269034,B 類,不合格,OP-118,待確認,營運,大宏,198,52.29
2026/6/15,L269352,C 類,,OP-129,,研發,大宏,205,53.21
7月22日,L266970,B 類,不合格,OP-127,已回報,研發,永利,155,80.75
2026/6/30,L268442,A 類,,OP-133,待確認,研發,大宏,179,83.09
7月4日,L262789,A 類,待處理,OP-120,待確認,研發,東昇,33,49.93
6月16日,L268218,B 類,已結案,OP-132,,營運,永利,128,19.29
2026/7/10,L269728,C 類,合格,OP-108,,營運,力鋼,6,88.91
0730,L262715,C 類,待處理,OP-116,,品保,捷欣,88,69.57
2026/7/30,L261649,其他,,OP-110,待確認,研發,東昇,194,0.52
2026/7/27,L264128,其他,不合格,OP-104,待確認,研發,順發,131,85.36
2026/7/24,L263156,A 類,不合格,OP-112,待確認,營運,大宏,107,8.29
0707,L260872,A 類,已結案,OP-143,已回報,研發,東昇,216,38.1
6月9日,L263120,A 類,,OP-131,已回報,製造,捷欣,86,57.7
2026/6/26,L267443,A 類,合格,OP-141,已回報,研發,力鋼,126,0.44
0712,L261446,A 類,待處理,OP-136,,營運,順發,138,6.98
0721,L264534,B 類,待處理,OP-124,已回報,資材,大宏,188,29.78
0721,L268640,C 類,不合格,OP-129,,品保,東昇,178,51.28
0620,L264496,C 類,已結案,OP-102,,研發,順發,206,7.03
0619,L262175,A 類,,OP-127,已回報,製造,力鋼,185,28.1
0601,L268522,A 類,合格,OP-115,,品保,力鋼,166,3.71
2026/6/2,L261973,A 類,已結案,OP-122,,營運,捷欣,123,92.73
2026/7/19,L263121,A 類,,OP-123,,品保,力鋼,76,94.49
6月11日,L263766,B 類,不合格,OP-104,,製造,東昇,185,97.79
2026/6/26,L264735,A 類,待處理,OP-129,,營運,東昇,36,93.58
2026/7/3,L265286,B 類,已結案,OP-117,待確認,製造,順發,64,67.08
6月25日,L269784,A 類,不合格,OP-136,,研發,永利,83,39.36
6月27日,L266619,其他,已結案,OP-114,,營運,捷欣,213,1.92
7月28日,L265167,其他,,OP-117,,製造,永利,207,17.04
2026/6/16,L265536,C 類,待處理,OP-101,待確認,營運,大宏,131,55.33
7月1日,L263796,C 類,,OP-120,已回報,研發,力鋼,91,63.24
0630,L264956,B 類,合格,OP-121,,品保,力鋼,77,89.9
0603,L267333,其他,待處理,OP-126,,品保,順發,177,75.51
0703,L262334,B 類,待處理,OP-142,,品保,順發,42,11.54
6月1日,L266047,C 類,已結案,OP-102,,品保,永利,131,2.39
2026/6/14,L268588,B 類,已結案,OP-138,待確認,營運,力鋼,190,2.27
0722,L269420,其他,已結案,OP-101,,資材,順發,3,25.51
0718,L260056,C 類,待處理,OP-109,,品保,東昇,47,56.05
0730,L267892,A 類,,OP-124,待確認,營運,捷欣,101,13.37
7月3日,L261615,A 類,,OP-106,,營運,捷欣,74,76.79
2026/6/15,L269725,B 類,不合格,OP-123,,研發,捷欣,200,7.36
0601,L263011,其他,合格,OP-138,待確認,製造,順發,197,12.4
2026/7/2,L262389,A 類,不合格,OP-148,,營運,東昇,8,16.47
2026/6/17,L268637,B 類,,OP-124,待確認,資材,順發,77,72.56
2026/7/13,L267624,A 類,合格,OP-119,,營運,永利,156,14.69
6月26日,L266971,其他,待處理,OP-121,,資材,永利,84,67.09
0707,L265980,B 類,已結案,OP-113,已回報,研發,順發,146,94.99
2026/7/25,L263218,其他,不合格,OP-107,,資材,東昇,166,25.56
0725,L260159,C 類,,OP-135,,資材,捷欣,221,78.03
7月8日,L262235,A 類,已結案,OP-132,待確認,營運,力鋼,62,88.37
2026/7/12,L261538,B 類,待處理,OP-114,,資材,大宏,77,75.46
0723,L268263,A 類,,OP-126,,品保,順發,218,91.55
2026/7/14,L265740,B 類,,OP-112,,品保,大宏,79,67.1
2026/6/8,L260229,C 類,不合格,OP-145,,製造,東昇,7,73.35
6月9日,L268534,A 類,待處理,OP-132,待確認,製造,捷欣,221,35.51
7月14日,L267220,B 類,,OP-119,,製造,東昇,81,34.92
7月10日,L268393,A 類,,OP-114,,營運,東昇,187,42.36
6月27日,L268418,其他,,OP-146,,資材,永利,79,85.58
0720,L264177,其他,不合格,OP-116,待確認,製造,東昇,103,21.71
2026/7/15,L269821,B 類,待處理,OP-141,,資材,大宏,122,95.02
6月30日,L267076,B 類,合格,OP-108,,營運,東昇,91,93.74
0724,L265814,C 類,已結案,OP-129,,製造,大宏,139,38.95
7月2日,L262223,B 類,,OP-108,已回報,品保,捷欣,31,8.2
0713,L267262,B 類,合格,OP-135,已回報,研發,大宏,132,48.49
0618,L262886,C 類,不合格,OP-132,,資材,東昇,160,36.43
2026/6/13,L266885,其他,已結案,OP-122,,研發,順發,5,71.72
7月11日,L269342,C 類,不合格,OP-115,,品保,捷欣,211,16.18
2026/6/13,L267276,C 類,待處理,OP-121,,品保,東昇,218,75.0
0602,L264675,A 類,,OP-129,,品保,永利,210,66.97
2026/7/19,L267594,A 類,,OP-146,,營運,大宏,106,81.25
7月4日,L268244,其他,已結案,OP-117,已回報,營運,永利,180,69.03
2026/7/9,L263551,A 類,待處理,OP-145,已回報,營運,順發,180,22.46
2026/7/14,L266285,C 類,不合格,OP-118,,研發,力鋼,234,2.2
0601,L263617,其他,合格,OP-121,已回報,資材,大宏,93,80.15
0726,L267612,B 類,待處理,OP-137,,營運,順發,136,11.53
7月3日,L260143,其他,,OP-124,已回報,品保,大宏,166,49.24
0720,L264993,其他,已結案,OP-118,,研發,力鋼,172,24.86
7月2日,L264376,A 類,已結案,OP-129,,營運,順發,233,57.33
6月15日,L267897,B 類,合格,OP-145,待確認,品保,東昇,104,48.83
6月3日,L261182,C 類,合格,OP-107,,資材,大宏,29,69.02
0630,L262740,B 類,,OP-119,,資材,永利,73,70.51
2026/6/11,L260313,其他,,OP-105,,品保,力鋼,15,51.21
0626,L261593,C 類,待處理,OP-145,,品保,力鋼,58,96.72
6月9日,L267127,C 類,,OP-118,待確認,營運,大宏,3,48.18
2026/7/24,L264551,其他,,OP-101,,品保,力鋼,207,63.05
0611,L261620,C 類,合格,OP-144,待確認,研發,力鋼,172,57.25
2026/7/12,L261163,A 類,,OP-135,待確認,品保,順發,109,41.84
2026/6/1,L263628,其他,已結案,OP-141,待確認,研發,大宏,233,34.67
7月20日,L261178,其他,待處理,OP-145,,營運,大宏,2,36.49
2026/7/25,L262951,A 類,,OP-145,,品保,永利,60,74.37
2026/7/20,L265763,C 類,合格,OP-148,,研發,順發,172,84.98
0603,L264625,A 類,待處理,OP-123,,營運,永利,118,97.6
0722,L269978,A 類,,OP-108,,營運,永利,84,69.17
6月16日,L262153,A 類,不合格,OP-121,,製造,大宏,144,67.46
7月17日,L261017,B 類,合格,OP-101,,品保,永利,188,26.43
6月22日,L262832,其他,,OP-137,,資材,力鋼,61,15.22
7月8日,L269041,C 類,,OP-136,待確認,品保,東昇,151,69.61
6月6日,L268374,C 類,已結案,OP-140,待確認,資材,力鋼,43,11.42
7月25日,L268822,B 類,合格,OP-102,,製造,大宏,154,18.34
2026/6/10,L260925,B 類,,OP-126,已回報,研發,順發,105,21.11
0702,L262011,C 類,待處理,OP-143,,製造,大宏,180,85.87
7月15日,L260952,C 類,,OP-107,待確認,營運,大宏,188,89.19
2026/7/1,L268289,C 類,已結案,OP-102,,研發,順發,115,62.35
7月16日,L262537,其他,已結案,OP-120,,研發,捷欣,31,5.0
7月8日,L265992,A 類,合格,OP-112,已回報,資材,大宏,113,36.28
6月3日,L265027,A 類,不合格,OP-124,,品保,順發,205,47.53
0618,L267762,其他,,OP-129,待確認,資材,大宏,114,5.36
6月3日,L269944,其他,,OP-118,待確認,營運,捷欣,18,12.94
2026/6/4,L268847,A 類,合格,OP-118,,製造,捷欣,167,20.53
0719,L267673,A 類,已結案,OP-146,待確認,製造,大宏,115,29.52
7月13日,L262883,B 類,合格,OP-116,待確認,品保,順發,94,47.44
6月25日,L269556,其他,不合格,OP-134,,資材,力鋼,236,28.19
0621,L260349,其他,合格,OP-129,待確認,資材,大宏,210,66.28
0627,L260270,C 類,合格,OP-115,待確認,營運,力鋼,30,49.73
2026/6/19,L266079,A 類,已結案,OP-142,已回報,資材,順發,86,12.57
2026/7/11,L267211,C 類,合格,OP-114,,研發,永利,69,33.14
0608,L264990,C 類,已結案,OP-114,待確認,品保,東昇,197,73.65
0604,L264466,其他,合格,OP-147,,資材,力鋼,138,2.88
6月20日,L267786,B 類,已結案,OP-127,,製造,永利,207,77.55
0626,L267558,C 類,已結案,OP-103,,資材,捷欣,200,50.46
7月8日,L262680,其他,不合格,OP-124,,研發,力鋼,39,55.71
7月1日,L266239,C 類,不合格,OP-107,,營運,捷欣,22,49.73
7月9日,L261373,A 類,合格,OP-109,,資材,捷欣,142,91.85
2026/7/16,L265134,A 類,待處理,OP-119,,品保,東昇,128,48.4
2026/6/14,L268363,C 類,,OP-108,,研發,東昇,81,72.62
2026/7/23,L264740,A 類,合格,OP-141,,研發,力鋼,22,55.22
0616,L264078,其他,待處理,OP-144,,品保,順發,9,56.48
6月7日,L269214,C 類,合格,OP-119,已回報,研發,捷欣,24,42.92
0620,L262414,C 類,,OP-121,,資材,力鋼,215,17.0
2026/6/25,L265084,C 類,,OP-129,待確認,營運,力鋼,86,64.77
0619,L269615,B 類,不合格,OP-147,待確認,資材,永利,8,83.02
2026/6/6,L266793,C 類,已結案,OP-120,已回報,製造,大宏,211,88.84
6月17日,L268569,其他,合格,OP-125,待確認,品保,東昇,12,30.47
2026/6/24,L264790,其他,待處理,OP-138,待確認,製造,東昇,231,57.43
2026/7/26,L262161,C 類,,OP-119,,資材,大宏,47,34.82
7月8日,L269041,A 類,待處理,OP-140,,製造,順發,164,37.25
0610,L267393,A 類,待處理,OP-121,,營運,力鋼,48,46.39
7月4日,L264784,其他,合格,OP-145,,品保,大宏,5,95.18
0607,L260673,其他,已結案,OP-121,已回報,研發,永利,43,27.15
2026/6/25,L268821,A 類,待處理,OP-138,已回報,研發,捷欣,131,46.21
6月3日,L265596,B 類,不合格,OP-109,待確認,製造,力鋼,141,10.39
7月25日,L263324,其他,不合格,OP-141,,資材,力鋼,226,12.54
0723,L264116,B 類,不合格,OP-105,,營運,捷欣,55,66.23
2026/7/4,L260334,其他,,OP-135,,品保,力鋼,204,56.97
7月16日,L264675,C 類,,OP-118,,研發,力鋼,152,14.67
7月24日,L265284,B 類,已結案,OP-123,已回報,營運,捷欣,26,80.71
7月29日,L268187,B 類,已結案,OP-137,待確認,品保,力鋼,135,33.64
6月13日,L265168,A 類,已結案,OP-131,待確認,營運,東昇,137,74.28
2026/6/11,L268691,其他,合格,OP-133,待確認,製造,捷欣,23,85.17
7月26日,L263692,B 類,合格,OP-133,,營運,順發,66,11.88
0705,L266356,B 類,合格,OP-134,,品保,力鋼,53,88.85
0729,L267669,A 類,不合格,OP-102,,品保,永利,226,54.85
0725,L260157,C 類,待處理,OP-135,,營運,永利,73,61.78
6月16日,L264580,B 類,待處理,OP-122,,資材,順發,36,85.28
7月22日,L267492,C 類,已結案,OP-116,,營運,力鋼,91,66.62
2026/7/12,L263076,B 類,不合格,OP-108,,營運,順發,64,51.12
7月9日,L262149,B 類,,OP-141,已回報,研發,捷欣,154,35.4
2026/7/3,L267319,A 類,已結案,OP-143,已回報,資材,大宏,229,91.3
6月14日,L261944,B 類,合格,OP-113,,研發,永利,5,18.34
0722,L263770,A 類,,OP-140,,製造,力鋼,163,88.3
0726,L269116,A 類,,OP-131,,營運,順發,165,59.41
2026/7/13,L268712,A 類,合格,OP-112,待確認,資材,力鋼,99,13.51
2026/6/17,L268370,C 類,,OP-120,已回報,品保,力鋼,154,42.39
6月3日,L265242,A 類,合格,OP-135,,品保,東昇,206,88.27
2026/6/11,L265575,C 類,已結案,OP-148,,資材,東昇,5,76.56
2026/6/14,L265557,A 類,不合格,OP-117,,營運,東昇,5,67.46
0630,L268687,C 類,不合格,OP-106,待確認,營運,捷欣,39,5.81
2026/7/30,L261328,B 類,,OP-112,,品保,永利,199,21.06
2026/6/30,L262945,其他,不合格,OP-126,,品保,東昇,76,61.88
0606,L260991,其他,已結案,OP-123,已回報,資材,大宏,9,94.7
2026/7/20,L267771,C 類,合格,OP-118,已回報,營運,捷欣,31,40.23
0704,L268620,C 類,已結案,OP-113,,營運,大宏,52,5.22
0725,L262684,B 類,合格,OP-137,,營運,東昇,80,10.31
2026/6/3,L262459,C 類,待處理,OP-112,已回報,品保,捷欣,213,70.02
2026/7/29,L268835,C 類,待處理,OP-107,待確認,營運,捷欣,40,94.76
7月1日,L263686,其他,待處理,OP-123,,營運,順發,95,59.59
0704,L267380,其他,,OP-147,已回報,品保,東昇,106,94.21
7月11日,L266941,A 類,已結案,OP-101,,營運,捷欣,129,82.44
7月1日,L260344,B 類,已結案,OP-140,,營運,力鋼,82,85.98
2026/6/26,L267473,B 類,已結案,OP-142,,品保,捷欣,103,84.46
0618,L263450,A 類,不合格,OP-112,,資材,力鋼,17,18.26
0715,L267856,B 類,,OP-148,,營運,順發,174,51.69
6月10日,L264174,B 類,已結案,OP-139,待確認,製造,永利,159,85.67
0712,L262492,A 類,,OP-110,,研發,順發,102,88.66
2026/7/27,L260722,其他,待處理,OP-133,,營運,大宏,152,43.76
7月13日,L266890,A 類,合格,OP-133,待確認,品保,順發,111,92.18
2026/6/28,L269530,A 類,,OP-132,,資材,永利,230,67.26
0630,L264377,B 類,,OP-108,待確認,品保,大宏,67,56.09
2026/6/25,L260118,A 類,待處理,OP-128,已回報,營運,捷欣,194,55.74
6月6日,L268598,C 類,不合格,OP-131,,品保,力鋼,147,60.93
7月10日,L261460,其他,,OP-128,,品保,永利,199,59.13
0629,L265831,B 類,,OP-114,,品保,大宏,234,21.28
2026/6/1,L267388,B 類,不合格,OP-105,,品保,順發,50,69.07
6月30日,L266141,B 類,不合格,OP-128,,品保,捷欣,161,71.54
6月27日,L267778,A 類,待處理,OP-125,待確認,品保,永利,100,63.13
0724,L261049,其他,待處理,OP-124,,研發,順發,38,41.12
6月10日,L268366,其他,合格,OP-106,,品保,東昇,105,75.78
7月9日,L260450,其他,,OP-117,,製造,力鋼,13,55.41
0723,L268812,A 類,不合格,OP-118,已回報,資材,力鋼,137,5.45
2026/6/15,L266395,B 類,合格,OP-134,待確認,製造,順發,141,46.36
0611,L263035,C 類,已結案,OP-104,,資材,永利,183,31.57
7月13日,L267427,B 類,,OP-108,,製造,大宏,147,75.64
2026/7/17,L266881,C 類,,OP-102,,品保,力鋼,43,31.04
2026/6/10,L267798,B 類,,OP-134,已回報,製造,捷欣,106,70.03
2026/7/28,L269266,其他,合格,OP-141,,資材,順發,236,75.05
0618,L268911,B 類,,OP-114,,研發,大宏,182,43.58
0712,L267624,B 類,合格,OP-148,待確認,資材,東昇,3,79.07
6月21日,L262071,A 類,,OP-131,已回報,營運,東昇,183,46.86
2026/6/5,L262368,其他,合格,OP-120,,研發,大宏,146,61.16
2026/6/29,L267380,A 類,合格,OP-121,,品保,大宏,145,37.19
6月26日,L260157,其他,待處理,OP-103,,品保,東昇,137,66.59
7月10日,L263162,A 類,合格,OP-126,,資材,順發,187,57.7
0601,L260725,其他,,OP-101,,品保,永利,189,52.14
2026/6/16,L261184,B 類,不合格,OP-117,,營運,永利,61,70.18
6月20日,L260852,B 類,已結案,OP-113,已回報,研發,力鋼,144,81.97
0608,L269992,B 類,,OP-114,已回報,品保,東昇,53,46.11
0611,L264711,其他,待處理,OP-106,待確認,研發,順發,96,23.56
2026/7/30,L264693,其他,合格,OP-146,,製造,東昇,141,22.88
6月10日,L260854,C 類,待處理,OP-144,已回報,營運,順發,231,97.86
7月3日,L264175,A 類,合格,OP-130,,製造,大宏,14,9.9
6月17日,L264664,其他,不合格,OP-131,已回報,品保,大宏,130,45.2
2026/7/26,L267677,B 類,合格,OP-127,已回報,資材,永利,15,84.78
2026/7/25,L263159,B 類,不合格,OP-127,,營運,大宏,37,97.12
0620,L263716,A 類,合格,OP-138,待確認,製造,東昇,74,97.48
2026/7/19,L265626,B 類,待處理,OP-127,,營運,永利,36,94.71
6月27日,L267111,C 類,已結案,OP-120,,製造,力鋼,214,5.2
2026/7/13,L265963,A 類,,OP-135,,品保,捷欣,74,75.83
0621,L265476,A 類,待處理,OP-138,已回報,資材,大宏,146,26.22
2026/6/24,L263117,B 類,不合格,OP-101,,品保,東昇,100,18.86
2026/7/7,L269688,C 類,合格,OP-144,,品保,大宏,97,53.76
6月14日,L267124,A 類,,OP-142,已回報,資材,捷欣,218,87.49
0602,L266054,其他,合格,OP-143,,品保,大宏,141,56.79
7月6日,L269652,其他,待處理,OP-145,,研發,順發,213,80.28
6月22日,L262597,C 類,,OP-112,待確認,品保,東昇,193,81.48
0628,L261279,B 類,已結案,OP-137,待確認,資材,順發,52,38.5
7月16日,L264623,B 類,不合格,OP-122,,研發,大宏,159,62.98
7月12日,L261922,其他,,OP-113,待確認,營運,順發,226,33.39
0616,L264343,A 類,已結案,OP-131,,資材,順發,185,91.2
2026/7/23,L263397,C 類,不合格,OP-102,,資材,力鋼,9,47.67
6月6日,L264367,B 類,,OP-110,,營運,永利,36,83.94
0706,L262542,B 類,,OP-145,,製造,順發,125,80.31
0628,L269598,C 類,合格,OP-108,,製造,大宏,123,6.63
6月6日,L263966,B 類,待處理,OP-126,待確認,品保,大宏,42,78.43
0603,L265816,A 類,已結案,OP-146,,品保,永利,65,56.47
7月14日,L264955,B 類,,OP-147,待確認,製造,永利,9,84.96
2026/6/24,L267147,B 類,不合格,OP-121,,資材,順發,95,70.78
2026/7/12,L268894,其他,不合格,OP-132,,研發,大宏,238,52.63
0605,L263616,C 類,,OP-144,,製造,捷欣,64,19.35
7月13日,L260826,其他,合格,OP-147,已回報,研發,順發,110,34.75
2026/7/16,L262625,C 類,已結案,OP-120,,品保,永利,158,29.17
0728,L265691,B 類,,OP-135,,研發,力鋼,199,12.88
2026/6/8,L267012,C 類,待處理,OP-137,已回報,資材,永利,208,78.92
7月21日,L267957,A 類,,OP-129,,資材,東昇,228,53.67
2026/7/2,L262857,C 類,已結案,OP-110,已回報,品保,捷欣,178,78.39
0608,L264149,A 類,,OP-117,已回報,營運,東昇,208,80.42
2026/6/28,L262030,其他,待處理,OP-132,已回報,營運,捷欣,186,92.59
6月1日,L261580,C 類,不合格,OP-123,,研發,永利,5,10.55
6月21日,L261039,其他,已結案,OP-144,待確認,製造,大宏,44,90.93
7月19日,L261096,A 類,,OP-125,,品保,捷欣,127,30.18
0723,L266043,C 類,不合格,OP-115,,研發,永利,183,17.61
0723,L263749,其他,待處理,OP-112,,營運,力鋼,154,45.16
0709,L262956,其他,已結案,OP-146,,製造,順發,88,49.01
0629,L269261,A 類,合格,OP-113,,品保,捷欣,239,88.26
6月11日,L266585,C 類,待處理,OP-132,,品保,順發,62,24.32
2026/6/17,L269195,其他,,OP-137,,營運,永利,192,25.22
0721,L266881,其他,待處理,OP-134,,製造,順發,10,5.07
2026/7/2,L265961,B 類,待處理,OP-124,,資材,捷欣,84,94.7
7月22日,L262111,其他,待處理,OP-145,待確認,製造,大宏,136,93.81
6月26日,L265792,C 類,合格,OP-129,,製造,捷欣,188,48.67
0709,L268397,C 類,待處理,OP-129,,製造,永利,177,81.24
6月10日,L262269,A 類,不合格,OP-110,已回報,資材,大宏,229,92.41
2026/6/14,L262727,A 類,待處理,OP-121,,資材,永利,81,30.87
2026/6/28,L261772,B 類,合格,OP-117,待確認,品保,順發,227,87.3
2026/7/14,L261481,C 類,不合格,OP-125,,研發,力鋼,203,61.76
6月16日,L267254,C 類,,OP-107,,營運,捷欣,31,34.38
7月1日,L263124,B 類,不合格,OP-107,已回報,品保,大宏,79,95.74
6月28日,L264191,其他,不合格,OP-101,已回報,製造,捷欣,239,19.87
2026/6/1,L265627,其他,不合格,OP-136,,營運,大宏,100,77.73
2026/7/18,L266760,其他,不合格,OP-106,待確認,製造,捷欣,167,53.54
2026/7/27,L262224,C 類,合格,OP-144,已回報,研發,東昇,128,95.17
0601,L267119,C 類,合格,OP-143,,營運,捷欣,44,19.18
2026/7/27,L268913,A 類,已結案,OP-137,,營運,永利,41,50.75
0604,L260097,A 類,已結案,OP-104,待確認,研發,永利,176,95.78
0607,L263157,C 類,,OP-128,,研發,順發,103,54.48
7月4日,L269274,C 類,不合格,OP-130,待確認,營運,捷欣,211,54.19
2026/7/27,L269880,A 類,待處理,OP-120,,營運,捷欣,19,59.26
7月5日,L267981,A 類,,OP-126,,營運,順發,154,73.25
0713,L269496,B 類,合格,OP-121,已回報,研發,捷欣,153,84.34
2026/7/4,L267621,B 類,,OP-124,,營運,大宏,43,30.91
0706,L264884,其他,,OP-113,,研發,力鋼,44,66.94
6月4日,L268866,A 類,不合格,OP-103,,製造,大宏,229,29.73
2026/6/21,L263944,C 類,已結案,OP-123,,資材,東昇,184,37.51
7月19日,L264934,C 類,合格,OP-106,待確認,品保,捷欣,2,31.35
0628,L263116,A 類,不合格,OP-103,,製造,永利,227,14.33
0715,L262996,B 類,,OP-142,待確認,營運,捷欣,182,74.34
2026/6/17,L262017,其他,合格,OP-117,,資材,大宏,221,86.03
0615,L266940,A 類,待處理,OP-145,,研發,捷欣,16,59.78
7月29日,L264587,B 類,待處理,OP-106,已回報,研發,東昇,185,50.42
0728,L267729,其他,待處理,OP-130,已回報,製造,力鋼,14,35.46
2026/6/16,L263485,A 類,不合格,OP-121,已回報,製造,順發,38,43.08
0703,L262147,其他,合格,OP-101,,品保,東昇,74,86.4
2026/7/5,L261459,A 類,已結案,OP-109,,製造,捷欣,58,89.3
0612,L265080,A 類,待處理,OP-117,已回報,資材,力鋼,87,29.82
7月5日,L269015,其他,,OP-132,,營運,大宏,82,71.57
2026/7/24,L261815,其他,,OP-105,待確認,營運,大宏,182,13.74
7月12日,L266523,A 類,合格,OP-131,,品保,東昇,130,66.69
7月12日,L260290,B 類,不合格,OP-108,,品保,大宏,147,24.07
2026/6/20,L267149,B 類,,OP-146,待確認,品保,永利,208,78.79
7月23日,L267414,其他,待處理,OP-148,,營運,力鋼,234,33.79
